Plate ,Well,Group,Type   ,Sample     ,Wavelength,Abs  ,Meas. Time [s]
TC_Amb, A01,Assay,Unknown,Un_0001 1/1,620,0.102,14.01
TC_Amb, B01,Assay,Unknown,Un_0002 1/1,620,0.142,14.89
TC_Amb, C01,Assay,Unknown,Un_0003 1/1,620,0.155,15.45
TC_Amb, D01,Assay,Unknown,Un_0004 1/1,620,0.162,16.33
TC_Amb, E01,Assay,Unknown,Un_0005 1/1,620,0.163,16.88
TC_Amb, F01,Assay,Unknown,Un_0006 1/1,620,0.14,17.77
TC_Amb, G01,Assay,Unknown,Un_0007 1/1,620,0.073,18.32
TC_Amb, H01,Assay,Unknown,Un_0008 1/1,620,0.163,19.2
TC_Amb, A02,Assay,Unknown,Un_0009 1/1,620,0.151,14.03
TC_Amb, B02,Assay,Unknown,Un_0010 1/1,620,0.15,14.87
TC_Amb, C02,Assay,Unknown,Un_0011 1/1,620,0.129,15.47
TC_Amb, D02,Assay,Unknown,Un_0012 1/1,620,0.124,16.31
TC_Amb, E02,Assay,Unknown,Un_0013 1/1,620,0.117,16.9
TC_Amb, F02,Assay,Unknown,Un_0014 1/1,620,0.134,17.75
TC_Amb, G02,Assay,Unknown,Un_0015 1/1,620,0.148,18.34
TC_Amb, H02,Assay,Unknown,Un_0016 1/1,620,0.119,19.18
TC_Amb, A03,Assay,Unknown,Un_0017 1/1,620,0.112,14.05
TC_Amb, B03,Assay,Unknown,Un_0018 1/1,620,0.137,14.85
TC_Amb, C03,Assay,Unknown,Un_0019 1/1,620,0.098,15.48
TC_Amb, D03,Assay,Unknown,Un_0020 1/1,620,0.128,16.29
TC_Amb, E03,Assay,Unknown,Un_0021 1/1,620,0.056,16.92
TC_Amb, F03,Assay,Unknown,Un_0022 1/1,620,0.11,17.73
TC_Amb, G03,Assay,Unknown,Un_0023 1/1,620,0.041,18.36
TC_Amb, H03,Assay,Unknown,Un_0024 1/1,620,0.057,19.16
TC_Amb, A04,Assay,Unknown,Un_0025 1/1,620,0.08,14.07
TC_Amb, B04,Assay,Unknown,Un_0026 1/1,620,0.153,14.83
TC_Amb, C04,Assay,Unknown,Un_0027 1/1,620,0.149,15.5
TC_Amb, D04,Assay,Unknown,Un_0028 1/1,620,0.129,16.27
TC_Amb, E04,Assay,Unknown,Un_0029 1/1,620,0.101,16.94
TC_Amb, F04,Assay,Unknown,Un_0030 1/1,620,0.108,17.71
TC_Amb, G04,Assay,Unknown,Un_0031 1/1,620,0.105,18.38
TC_Amb, H04,Assay,Unknown,Un_0032 1/1,620,0.096,19.15
TC_Amb, A05,Assay,Unknown,Un_0033 1/1,620,0.079,14.09
TC_Amb, B05,Assay,Unknown,Un_0034 1/1,620,0.13,14.81
TC_Amb, C05,Assay,Unknown,Un_0035 1/1,620,0.105,15.52
TC_Amb, D05,Assay,Unknown,Un_0036 1/1,620,0.13,16.25
TC_Amb, E05,Assay,Unknown,Un_0037 1/1,620,0.165,16.96
TC_Amb, F05,Assay,Unknown,Un_0038 1/1,620,0.215,17.69
TC_Amb, G05,Assay,Unknown,Un_0039 1/1,620,0.194,18.4
TC_Amb, H05,Assay,Unknown,Un_0040 1/1,620,0.152,19.13
TC_Amb, A06,Assay,Unknown,Un_0041 1/1,620,0.173,14.1
TC_Amb, B06,Assay,Unknown,Un_0042 1/1,620,0.131,14.8
TC_Amb, C06,Assay,Unknown,Un_0043 1/1,620,0.169,15.54
TC_Amb, D06,Assay,Unknown,Un_0044 1/1,620,0.171,16.23
TC_Amb, E06,Assay,Unknown,Un_0045 1/1,620,0.111,16.98
TC_Amb, F06,Assay,Unknown,Un_0046 1/1,620,0.1,17.67
TC_Amb, G06,Assay,Unknown,Un_0047 1/1,620,0.123,18.42
TC_Amb, H06,Assay,Unknown,Un_0048 1/1,620,0.118,19.11
TC_Amb, A07,Assay,Unknown,Un_0049 1/1,620,0.163,14.12
TC_Amb, B07,Assay,Unknown,Un_0050 1/1,620,0.115,14.78
TC_Amb, C07,Assay,Unknown,Un_0051 1/1,620,0.121,15.56
TC_Amb, D07,Assay,Unknown,Un_0052 1/1,620,0.107,16.21
TC_Amb, E07,Assay,Unknown,Un_0053 1/1,620,0.036,17
TC_Amb, F07,Assay,Unknown,Un_0054 1/1,620,0.035,17.65
TC_Amb, G07,Assay,Unknown,Un_0055 1/1,620,0.035,18.43
TC_Amb, H07,Assay,Unknown,Un_0056 1/1,620,0.035,19.09
TC_Amb, A08,Assay,Unknown,Un_0057 1/1,620,0.13,14.14
TC_Amb, B08,Assay,Unknown,Un_0058 1/1,620,0.155,14.76
TC_Amb, C08,Assay,Unknown,Un_0059 1/1,620,0.09,15.58
TC_Amb, D08,Assay,Unknown,Un_0060 1/1,620,0.124,16.19
TC_Amb, E08,Assay,Unknown,Un_0061 1/1,620,0.235,17.02
TC_Amb, F08,Assay,Unknown,Un_0062 1/1,620,0.275,17.63
TC_Amb, G08,Assay,Unknown,Un_0063 1/1,620,0.258,18.45
TC_Amb, H08,Assay,Unknown,Un_0064 1/1,620,0.272,19.07
TC_Amb, A09,Assay,Unknown,Un_0065 1/1,620,0.142,14.16
TC_Amb, B09,Assay,Unknown,Un_0066 1/1,620,0.123,14.74
TC_Amb, C09,Assay,Unknown,Un_0067 1/1,620,0.12,15.6
TC_Amb, D09,Assay,Unknown,Un_0068 1/1,620,0.148,16.18
TC_Amb, E09,Assay,Unknown,Un_0069 1/1,620,0.111,17.04
TC_Amb, F09,Assay,Unknown,Un_0070 1/1,620,0.095,17.61
TC_Amb, G09,Assay,Unknown,Un_0071 1/1,620,0.108,18.47
TC_Amb, H09,Assay,Unknown,Un_0072 1/1,620,0.116,19.05
TC_Amb, A10,Assay,Unknown,Un_0073 1/1,620,0.158,14.18
TC_Amb, B10,Assay,Unknown,Un_0074 1/1,620,0.16,14.72
TC_Amb, C10,Assay,Unknown,Un_0075 1/1,620,0.145,15.62
TC_Amb, D10,Assay,Unknown,Un_0076 1/1,620,0.155,16.16
TC_Amb, E10,Assay,Unknown,Un_0077 1/1,620,0.198,17.06
TC_Amb, F10,Assay,Unknown,Un_0078 1/1,620,0.214,17.59
TC_Amb, G10,Assay,Unknown,Un_0079 1/1,620,0.195,18.49
TC_Amb, H10,Assay,Unknown,Un_0080 1/1,620,0.19,19.03
TC_Amb, A11,Assay,Unknown,Un_0081 1/1,620,0.121,14.2
TC_Amb, B11,Assay,Unknown,Un_0082 1/1,620,0.149,14.7
TC_Amb, C11,Assay,Unknown,Un_0083 1/1,620,0.157,15.64
TC_Amb, D11,Assay,Unknown,Un_0084 1/1,620,0.1,16.14
TC_Amb, E11,Assay,Unknown,Un_0085 1/1,620,0.099,17.07
TC_Amb, F11,Assay,Unknown,Un_0086 1/1,620,0.09,17.57
TC_Amb, G11,Assay,Unknown,Un_0087 1/1,620,0.1,18.51
TC_Amb, H11,Assay,Unknown,Un_0088 1/1,620,0.085,19.01
TC_Amb, A12,Assay,Unknown,Un_0089 1/1,620,0.147,14.22
TC_Amb, B12,Assay,Unknown,Un_0090 1/1,620,0.129,14.68
TC_Amb, C12,Assay,Unknown,Un_0091 1/1,620,0.154,15.66
TC_Amb, D12,Assay,Unknown,Un_0092 1/1,620,0.105,16.12
TC_Amb, E12,Assay,Unknown,Un_0093 1/1,620,0.036,17.09
TC_Amb, F12,Assay,Unknown,Un_0094 1/1,620,0.037,17.56
TC_Amb, G12,Assay,Unknown,Un_0095 1/1,620,0.035,18.53
TC_Amb, H12,Assay,Unknown,Un_0096 1/1,620,0.036,18.99
12, A01,Assay,Unknown,Un_0097 1/1,620,0.135,85.23
12, B01,Assay,Unknown,Un_0098 1/1,620,0.129,86.11
12, C01,Assay,Unknown,Un_0099 1/1,620,0.085,86.67
12, D01,Assay,Unknown,Un_0100 1/1,620,0.132,87.55
12, E01,Assay,Unknown,Un_0101 1/1,620,0.134,88.1
12, F01,Assay,Unknown,Un_0102 1/1,620,0.11,88.98
12, G01,Assay,Unknown,Un_0103 1/1,620,0.111,89.54
12, H01,Assay,Unknown,Un_0104 1/1,620,0.088,90.42
12, A02,Assay,Unknown,Un_0105 1/1,620,0.058,85.25
12, B02,Assay,Unknown,Un_0106 1/1,620,0.063,86.09
12, C02,Assay,Unknown,Un_0107 1/1,620,0.036,86.68
12, D02,Assay,Unknown,Un_0108 1/1,620,0.065,87.53
12, E02,Assay,Unknown,Un_0109 1/1,620,0.091,88.12
12, F02,Assay,Unknown,Un_0110 1/1,620,0.094,88.97
12, G02,Assay,Unknown,Un_0111 1/1,620,0.094,89.56
12, H02,Assay,Unknown,Un_0112 1/1,620,0.088,90.4
12, A03,Assay,Unknown,Un_0113 1/1,620,0.035,85.27
12, B03,Assay,Unknown,Un_0114 1/1,620,0.035,86.07
12, C03,Assay,Unknown,Un_0115 1/1,620,0.035,86.7
12, D03,Assay,Unknown,Un_0116 1/1,620,0.036,87.51
12, E03,Assay,Unknown,Un_0117 1/1,620,0.035,88.14
12, F03,Assay,Unknown,Un_0118 1/1,620,0.036,88.95
12, G03,Assay,Unknown,Un_0119 1/1,620,0.036,89.58
12, H03,Assay,Unknown,Un_0120 1/1,620,0.036,90.38
12, A04,Assay,Unknown,Un_0121 1/1,620,0.107,85.29
12, B04,Assay,Unknown,Un_0122 1/1,620,0.132,86.05
12, C04,Assay,Unknown,Un_0123 1/1,620,0.074,86.72
12, D04,Assay,Unknown,Un_0124 1/1,620,0.179,87.49
12, E04,Assay,Unknown,Un_0125 1/1,620,0.059,88.16
12, F04,Assay,Unknown,Un_0126 1/1,620,0.065,88.93
12, G04,Assay,Unknown,Un_0127 1/1,620,0.059,89.6
12, H04,Assay,Unknown,Un_0128 1/1,620,0.058,90.36
12, A05,Assay,Unknown,Un_0129 1/1,620,0.103,85.3
12, B05,Assay,Unknown,Un_0130 1/1,620,0.113,86.03
12, C05,Assay,Unknown,Un_0131 1/1,620,0.095,86.74
12, D05,Assay,Unknown,Un_0132 1/1,620,0.141,87.47
12, E05,Assay,Unknown,Un_0133 1/1,620,0.092,88.18
12, F05,Assay,Unknown,Un_0134 1/1,620,0.074,88.91
12, G05,Assay,Unknown,Un_0135 1/1,620,0.076,89.62
12, H05,Assay,Unknown,Un_0136 1/1,620,0.097,90.34
12, A06,Assay,Unknown,Un_0137 1/1,620,0.111,85.32
12, B06,Assay,Unknown,Un_0138 1/1,620,0.142,86.02
12, C06,Assay,Unknown,Un_0139 1/1,620,0.073,86.76
12, D06,Assay,Unknown,Un_0140 1/1,620,0.122,87.45
12, E06,Assay,Unknown,Un_0141 1/1,620,0.088,88.2
12, F06,Assay,Unknown,Un_0142 1/1,620,0.082,88.89
12, G06,Assay,Unknown,Un_0143 1/1,620,0.095,89.63
12, H06,Assay,Unknown,Un_0144 1/1,620,0.093,90.33
12, A07,Assay,Unknown,Un_0145 1/1,620,0.094,85.34
12, B07,Assay,Unknown,Un_0146 1/1,620,0.109,86
12, C07,Assay,Unknown,Un_0147 1/1,620,0.082,86.78
12, D07,Assay,Unknown,Un_0148 1/1,620,0.144,87.43
12, E07,Assay,Unknown,Un_0149 1/1,620,0.034,88.22
12, F07,Assay,Unknown,Un_0150 1/1,620,0.034,88.87
12, G07,Assay,Unknown,Un_0151 1/1,620,0.034,89.65
12, H07,Assay,Unknown,Un_0152 1/1,620,0.034,90.31
12, A08,Assay,Unknown,Un_0153 1/1,620,0.057,85.36
12, B08,Assay,Unknown,Un_0154 1/1,620,0.172,85.98
12, C08,Assay,Unknown,Un_0155 1/1,620,0.048,86.8
12, D08,Assay,Unknown,Un_0156 1/1,620,0.164,87.41
12, E08,Assay,Unknown,Un_0157 1/1,620,0.255,88.24
12, F08,Assay,Unknown,Un_0158 1/1,620,0.242,88.85
12, G08,Assay,Unknown,Un_0159 1/1,620,0.229,89.67
12, H08,Assay,Unknown,Un_0160 1/1,620,0.224,90.29
12, A09,Assay,Unknown,Un_0161 1/1,620,0.078,85.38
12, B09,Assay,Unknown,Un_0162 1/1,620,0.106,85.96
12, C09,Assay,Unknown,Un_0163 1/1,620,0.082,86.82
12, D09,Assay,Unknown,Un_0164 1/1,620,0.088,87.39
12, E09,Assay,Unknown,Un_0165 1/1,620,0.079,88.26
12, F09,Assay,Unknown,Un_0166 1/1,620,0.056,88.83
12, G09,Assay,Unknown,Un_0167 1/1,620,0.086,89.69
12, H09,Assay,Unknown,Un_0168 1/1,620,0.085,90.27
12, A10,Assay,Unknown,Un_0169 1/1,620,0.077,85.4
12, B10,Assay,Unknown,Un_0170 1/1,620,0.104,85.94
12, C10,Assay,Unknown,Un_0171 1/1,620,0.052,86.84
12, D10,Assay,Unknown,Un_0172 1/1,620,0.082,87.38
12, E10,Assay,Unknown,Un_0173 1/1,620,0.153,88.27
12, F10,Assay,Unknown,Un_0174 1/1,620,0.145,88.81
12, G10,Assay,Unknown,Un_0175 1/1,620,0.147,89.71
12, H10,Assay,Unknown,Un_0176 1/1,620,0.142,90.25
12, A11,Assay,Unknown,Un_0177 1/1,620,0.095,85.42
12, B11,Assay,Unknown,Un_0178 1/1,620,0.083,85.92
12, C11,Assay,Unknown,Un_0179 1/1,620,0.077,86.86
12, D11,Assay,Unknown,Un_0180 1/1,620,0.137,87.36
12, E11,Assay,Unknown,Un_0181 1/1,620,0.035,88.29
12, F11,Assay,Unknown,Un_0182 1/1,620,0.035,88.79
12, G11,Assay,Unknown,Un_0183 1/1,620,0.035,89.73
12, H11,Assay,Unknown,Un_0184 1/1,620,0.035,90.23
12, A12,Assay,Unknown,Un_0185 1/1,620,0.107,85.44
12, B12,Assay,Unknown,Un_0186 1/1,620,0.126,85.9
12, C12,Assay,Unknown,Un_0187 1/1,620,0.078,86.88
12, D12,Assay,Unknown,Un_0188 1/1,620,0.096,87.34
12, E12,Assay,Unknown,Un_0189 1/1,620,0.035,88.31
12, F12,Assay,Unknown,Un_0190 1/1,620,0.035,88.77
12, G12,Assay,Unknown,Un_0191 1/1,620,0.034,89.75
12, H12,Assay,Unknown,Un_0192 1/1,620,0.035,90.21
30, A01,Assay,Unknown,Un_0193 1/1,620,0.19,183.36
30, B01,Assay,Unknown,Un_0194 1/1,620,0.468,184.24
30, C01,Assay,Unknown,Un_0195 1/1,620,0.159,184.8
30, D01,Assay,Unknown,Un_0196 1/1,620,0.228,185.68
30, E01,Assay,Unknown,Un_0197 1/1,620,0.165,186.23
30, F01,Assay,Unknown,Un_0198 1/1,620,0.154,187.12
30, G01,Assay,Unknown,Un_0199 1/1,620,0.153,187.67
30, H01,Assay,Unknown,Un_0200 1/1,620,0.179,188.55
30, A02,Assay,Unknown,Un_0201 1/1,620,0.133,183.38
30, B02,Assay,Unknown,Un_0202 1/1,620,0.142,184.22
30, C02,Assay,Unknown,Un_0203 1/1,620,0.134,184.82
30, D02,Assay,Unknown,Un_0204 1/1,620,0.14,185.66
30, E02,Assay,Unknown,Un_0205 1/1,620,0.149,186.25
30, F02,Assay,Unknown,Un_0206 1/1,620,0.13,187.1
30, G02,Assay,Unknown,Un_0207 1/1,620,0.168,187.69
30, H02,Assay,Unknown,Un_0208 1/1,620,0.132,188.53
30, A03,Assay,Unknown,Un_0209 1/1,620,0.106,183.4
30, B03,Assay,Unknown,Un_0210 1/1,620,0.138,184.2
30, C03,Assay,Unknown,Un_0211 1/1,620,0.331,184.83
30, D03,Assay,Unknown,Un_0212 1/1,620,0.173,185.64
30, E03,Assay,Unknown,Un_0213 1/1,620,0.101,186.27
30, F03,Assay,Unknown,Un_0214 1/1,620,0.135,187.08
30, G03,Assay,Unknown,Un_0215 1/1,620,0.134,187.71
30, H03,Assay,Unknown,Un_0216 1/1,620,0.087,188.51
30, A04,Assay,Unknown,Un_0217 1/1,620,0.122,183.42
30, B04,Assay,Unknown,Un_0218 1/1,620,0.151,184.18
30, C04,Assay,Unknown,Un_0219 1/1,620,0.181,184.85
30, D04,Assay,Unknown,Un_0220 1/1,620,0.121,185.62
30, E04,Assay,Unknown,Un_0221 1/1,620,0.147,186.29
30, F04,Assay,Unknown,Un_0222 1/1,620,0.139,187.06
30, G04,Assay,Unknown,Un_0223 1/1,620,0.13,187.73
30, H04,Assay,Unknown,Un_0224 1/1,620,0.147,188.5
30, A05,Assay,Unknown,Un_0225 1/1,620,0.146,183.44
30, B05,Assay,Unknown,Un_0226 1/1,620,0.162,184.16
30, C05,Assay,Unknown,Un_0227 1/1,620,0.154,184.87
30, D05,Assay,Unknown,Un_0228 1/1,620,0.15,185.6
30, E05,Assay,Unknown,Un_0229 1/1,620,0.201,186.31
30, F05,Assay,Unknown,Un_0230 1/1,620,0.143,187.04
30, G05,Assay,Unknown,Un_0231 1/1,620,0.213,187.75
30, H05,Assay,Unknown,Un_0232 1/1,620,0.187,188.48
30, A06,Assay,Unknown,Un_0233 1/1,620,0.171,183.45
30, B06,Assay,Unknown,Un_0234 1/1,620,0.173,184.15
30, C06,Assay,Unknown,Un_0235 1/1,620,0.15,184.89
30, D06,Assay,Unknown,Un_0236 1/1,620,0.123,185.58
30, E06,Assay,Unknown,Un_0237 1/1,620,0.134,186.33
30, F06,Assay,Unknown,Un_0238 1/1,620,0.111,187.02
30, G06,Assay,Unknown,Un_0239 1/1,620,0.147,187.77
30, H06,Assay,Unknown,Un_0240 1/1,620,0.155,188.46
30, A07,Assay,Unknown,Un_0241 1/1,620,0.149,183.47
30, B07,Assay,Unknown,Un_0242 1/1,620,0.141,184.13
30, C07,Assay,Unknown,Un_0243 1/1,620,0.155,184.91
30, D07,Assay,Unknown,Un_0244 1/1,620,0.11,185.56
30, E07,Assay,Unknown,Un_0245 1/1,620,0.036,186.35
30, F07,Assay,Unknown,Un_0246 1/1,620,0.035,187
30, G07,Assay,Unknown,Un_0247 1/1,620,0.035,187.78
30, H07,Assay,Unknown,Un_0248 1/1,620,0.035,188.44
30, A08,Assay,Unknown,Un_0249 1/1,620,0.176,183.49
30, B08,Assay,Unknown,Un_0250 1/1,620,0.173,184.11
30, C08,Assay,Unknown,Un_0251 1/1,620,0.177,184.93
30, D08,Assay,Unknown,Un_0252 1/1,620,0.185,185.54
30, E08,Assay,Unknown,Un_0253 1/1,620,0.238,186.37
30, F08,Assay,Unknown,Un_0254 1/1,620,0.272,186.98
30, G08,Assay,Unknown,Un_0255 1/1,620,0.275,187.8
30, H08,Assay,Unknown,Un_0256 1/1,620,0.324,188.42
30, A09,Assay,Unknown,Un_0257 1/1,620,0.144,183.51
30, B09,Assay,Unknown,Un_0258 1/1,620,0.124,184.09
30, C09,Assay,Unknown,Un_0259 1/1,620,0.112,184.95
30, D09,Assay,Unknown,Un_0260 1/1,620,0.147,185.53
30, E09,Assay,Unknown,Un_0261 1/1,620,0.175,186.39
30, F09,Assay,Unknown,Un_0262 1/1,620,0.112,186.96
30, G09,Assay,Unknown,Un_0263 1/1,620,0.138,187.82
30, H09,Assay,Unknown,Un_0264 1/1,620,0.141,188.4
30, A10,Assay,Unknown,Un_0265 1/1,620,0.154,183.53
30, B10,Assay,Unknown,Un_0266 1/1,620,0.164,184.07
30, C10,Assay,Unknown,Un_0267 1/1,620,0.137,184.97
30, D10,Assay,Unknown,Un_0268 1/1,620,0.165,185.51
30, E10,Assay,Unknown,Un_0269 1/1,620,0.113,186.41
30, F10,Assay,Unknown,Un_0270 1/1,620,0.107,186.94
30, G10,Assay,Unknown,Un_0271 1/1,620,0.14,187.84
30, H10,Assay,Unknown,Un_0272 1/1,620,0.191,188.38
30, A11,Assay,Unknown,Un_0273 1/1,620,0.155,183.55
30, B11,Assay,Unknown,Un_0274 1/1,620,0.136,184.05
30, C11,Assay,Unknown,Un_0275 1/1,620,0.116,184.99
30, D11,Assay,Unknown,Un_0276 1/1,620,0.136,185.49
30, E11,Assay,Unknown,Un_0277 1/1,620,0.143,186.42
30, F11,Assay,Unknown,Un_0278 1/1,620,0.134,186.92
30, G11,Assay,Unknown,Un_0279 1/1,620,0.136,187.86
30, H11,Assay,Unknown,Un_0280 1/1,620,0.154,188.36
30, A12,Assay,Unknown,Un_0281 1/1,620,0.155,183.57
30, B12,Assay,Unknown,Un_0282 1/1,620,0.155,184.03
30, C12,Assay,Unknown,Un_0283 1/1,620,0.108,185.01
30, D12,Assay,Unknown,Un_0284 1/1,620,0.154,185.47
30, E12,Assay,Unknown,Un_0285 1/1,620,0.036,186.44
30, F12,Assay,Unknown,Un_0286 1/1,620,0.036,186.91
30, G12,Assay,Unknown,Un_0287 1/1,620,0.035,187.88
30, H12,Assay,Unknown,Un_0288 1/1,620,0.036,188.34
37, A01,Assay,Unknown,Un_0289 1/1,620,0.193,308.24
37, B01,Assay,Unknown,Un_0290 1/1,620,0.148,309.12
37, C01,Assay,Unknown,Un_0291 1/1,620,0.206,309.68
37, D01,Assay,Unknown,Un_0292 1/1,620,0.221,310.56
37, E01,Assay,Unknown,Un_0293 1/1,620,0.198,311.11
37, F01,Assay,Unknown,Un_0294 1/1,620,0.182,312
37, G01,Assay,Unknown,Un_0295 1/1,620,0.193,312.55
37, H01,Assay,Unknown,Un_0296 1/1,620,0.143,313.43
37, A02,Assay,Unknown,Un_0297 1/1,620,0.177,308.26
37, B02,Assay,Unknown,Un_0298 1/1,620,0.162,309.1
37, C02,Assay,Unknown,Un_0299 1/1,620,0.182,309.7
37, D02,Assay,Unknown,Un_0300 1/1,620,0.176,310.54
37, E02,Assay,Unknown,Un_0301 1/1,620,0.174,311.13
37, F02,Assay,Unknown,Un_0302 1/1,620,0.177,311.98
37, G02,Assay,Unknown,Un_0303 1/1,620,0.165,312.57
37, H02,Assay,Unknown,Un_0304 1/1,620,0.099,313.41
37, A03,Assay,Unknown,Un_0305 1/1,620,0.201,308.28
37, B03,Assay,Unknown,Un_0306 1/1,620,0.179,309.08
37, C03,Assay,Unknown,Un_0307 1/1,620,0.139,309.71
37, D03,Assay,Unknown,Un_0308 1/1,620,0.146,310.52
37, E03,Assay,Unknown,Un_0309 1/1,620,0.04,311.15
37, F03,Assay,Unknown,Un_0310 1/1,620,0.041,311.96
37, G03,Assay,Unknown,Un_0311 1/1,620,0.038,312.59
37, H03,Assay,Unknown,Un_0312 1/1,620,0.037,313.39
37, A04,Assay,Unknown,Un_0313 1/1,620,0.183,308.3
37, B04,Assay,Unknown,Un_0314 1/1,620,0.187,309.06
37, C04,Assay,Unknown,Un_0315 1/1,620,0.183,309.73
37, D04,Assay,Unknown,Un_0316 1/1,620,0.197,310.5
37, E04,Assay,Unknown,Un_0317 1/1,620,0.204,311.17
37, F04,Assay,Unknown,Un_0318 1/1,620,0.176,311.94
37, G04,Assay,Unknown,Un_0319 1/1,620,0.185,312.61
37, H04,Assay,Unknown,Un_0320 1/1,620,0.137,313.38
37, A05,Assay,Unknown,Un_0321 1/1,620,0.174,308.31
37, B05,Assay,Unknown,Un_0322 1/1,620,0.182,309.04
37, C05,Assay,Unknown,Un_0323 1/1,620,0.163,309.75
37, D05,Assay,Unknown,Un_0324 1/1,620,0.176,310.48
37, E05,Assay,Unknown,Un_0325 1/1,620,0.161,311.19
37, F05,Assay,Unknown,Un_0326 1/1,620,0.166,311.92
37, G05,Assay,Unknown,Un_0327 1/1,620,0.178,312.63
37, H05,Assay,Unknown,Un_0328 1/1,620,0.16,313.36
37, A06,Assay,Unknown,Un_0329 1/1,620,0.2,308.33
37, B06,Assay,Unknown,Un_0330 1/1,620,0.187,309.03
37, C06,Assay,Unknown,Un_0331 1/1,620,0.207,309.77
37, D06,Assay,Unknown,Un_0332 1/1,620,0.237,310.46
37, E06,Assay,Unknown,Un_0333 1/1,620,0.18,311.21
37, F06,Assay,Unknown,Un_0334 1/1,620,0.177,311.9
37, G06,Assay,Unknown,Un_0335 1/1,620,0.192,312.65
37, H06,Assay,Unknown,Un_0336 1/1,620,0.146,313.34
37, A07,Assay,Unknown,Un_0337 1/1,620,0.148,308.35
37, B07,Assay,Unknown,Un_0338 1/1,620,0.147,309.01
37, C07,Assay,Unknown,Un_0339 1/1,620,0.178,309.79
37, D07,Assay,Unknown,Un_0340 1/1,620,0.169,310.44
37, E07,Assay,Unknown,Un_0341 1/1,620,0.039,311.23
37, F07,Assay,Unknown,Un_0342 1/1,620,0.037,311.88
37, G07,Assay,Unknown,Un_0343 1/1,620,0.037,312.66
37, H07,Assay,Unknown,Un_0344 1/1,620,0.034,313.32
37, A08,Assay,Unknown,Un_0345 1/1,620,0.224,308.37
37, B08,Assay,Unknown,Un_0346 1/1,620,0.195,308.99
37, C08,Assay,Unknown,Un_0347 1/1,620,0.211,309.81
37, D08,Assay,Unknown,Un_0348 1/1,620,0.201,310.42
37, E08,Assay,Unknown,Un_0349 1/1,620,0.205,311.25
37, F08,Assay,Unknown,Un_0350 1/1,620,0.202,311.86
37, G08,Assay,Unknown,Un_0351 1/1,620,0.2,312.68
37, H08,Assay,Unknown,Un_0352 1/1,620,0.162,313.3
37, A09,Assay,Unknown,Un_0353 1/1,620,0.166,308.39
37, B09,Assay,Unknown,Un_0354 1/1,620,0.168,308.97
37, C09,Assay,Unknown,Un_0355 1/1,620,0.151,309.83
37, D09,Assay,Unknown,Un_0356 1/1,620,0.167,310.41
37, E09,Assay,Unknown,Un_0357 1/1,620,0.166,311.27
37, F09,Assay,Unknown,Un_0358 1/1,620,0.184,311.84
37, G09,Assay,Unknown,Un_0359 1/1,620,0.196,312.7
37, H09,Assay,Unknown,Un_0360 1/1,620,0.466,313.28
37, A10,Assay,Unknown,Un_0361 1/1,620,0.172,308.41
37, B10,Assay,Unknown,Un_0362 1/1,620,0.182,308.95
37, C10,Assay,Unknown,Un_0363 1/1,620,0.205,309.85
37, D10,Assay,Unknown,Un_0364 1/1,620,0.228,310.39
37, E10,Assay,Unknown,Un_0365 1/1,620,0.194,311.28
37, F10,Assay,Unknown,Un_0366 1/1,620,0.499,311.82
37, G10,Assay,Unknown,Un_0367 1/1,620,0.195,312.72
37, H10,Assay,Unknown,Un_0368 1/1,620,0.111,313.26
37, A11,Assay,Unknown,Un_0369 1/1,620,0.173,308.43
37, B11,Assay,Unknown,Un_0370 1/1,620,0.159,308.93
37, C11,Assay,Unknown,Un_0371 1/1,620,0.17,309.87
37, D11,Assay,Unknown,Un_0372 1/1,620,0.174,310.37
37, E11,Assay,Unknown,Un_0373 1/1,620,0.156,311.3
37, F11,Assay,Unknown,Un_0374 1/1,620,0.151,311.8
37, G11,Assay,Unknown,Un_0375 1/1,620,0.164,312.74
37, H11,Assay,Unknown,Un_0376 1/1,620,0.18,313.24
37, A12,Assay,Unknown,Un_0377 1/1,620,0.173,308.45
37, B12,Assay,Unknown,Un_0378 1/1,620,0.166,308.91
37, C12,Assay,Unknown,Un_0379 1/1,620,0.188,309.89
37, D12,Assay,Unknown,Un_0380 1/1,620,0.213,310.35
37, E12,Assay,Unknown,Un_0381 1/1,620,0.038,311.32
37, F12,Assay,Unknown,Un_0382 1/1,620,0.035,311.79
37, G12,Assay,Unknown,Un_0383 1/1,620,0.034,312.76
37, H12,Assay,Unknown,Un_0384 1/1,620,0.036,313.22
42, A01,Assay,Unknown,Un_0385 1/1,620,0.228,487.9
42, B01,Assay,Unknown,Un_0386 1/1,620,0.193,488.78
42, C01,Assay,Unknown,Un_0387 1/1,620,0.195,489.34
42, D01,Assay,Unknown,Un_0388 1/1,620,0.212,490.22
42, E01,Assay,Unknown,Un_0389 1/1,620,0.223,490.77
42, F01,Assay,Unknown,Un_0390 1/1,620,0.223,491.66
42, G01,Assay,Unknown,Un_0391 1/1,620,0.214,492.21
42, H01,Assay,Unknown,Un_0392 1/1,620,0.238,493.09
42, A02,Assay,Unknown,Un_0393 1/1,620,0.246,487.92
42, B02,Assay,Unknown,Un_0394 1/1,620,0.202,488.76
42, C02,Assay,Unknown,Un_0395 1/1,620,0.17,489.35
42, D02,Assay,Unknown,Un_0396 1/1,620,0.206,490.2
42, E02,Assay,Unknown,Un_0397 1/1,620,0.233,490.79
42, F02,Assay,Unknown,Un_0398 1/1,620,0.227,491.64
42, G02,Assay,Unknown,Un_0399 1/1,620,0.185,492.23
42, H02,Assay,Unknown,Un_0400 1/1,620,0.217,493.07
42, A03,Assay,Unknown,Un_0401 1/1,620,0.252,487.94
42, B03,Assay,Unknown,Un_0402 1/1,620,0.178,488.74
42, C03,Assay,Unknown,Un_0403 1/1,620,0.169,489.37
42, D03,Assay,Unknown,Un_0404 1/1,620,0.229,490.18
42, E03,Assay,Unknown,Un_0405 1/1,620,0.041,490.81
42, F03,Assay,Unknown,Un_0406 1/1,620,0.039,491.62
42, G03,Assay,Unknown,Un_0407 1/1,620,0.046,492.25
42, H03,Assay,Unknown,Un_0408 1/1,620,0.039,493.05
42, A04,Assay,Unknown,Un_0409 1/1,620,0.245,487.96
42, B04,Assay,Unknown,Un_0410 1/1,620,0.167,488.72
42, C04,Assay,Unknown,Un_0411 1/1,620,0.158,489.39
42, D04,Assay,Unknown,Un_0412 1/1,620,0.196,490.16
42, E04,Assay,Unknown,Un_0413 1/1,620,0.185,490.83
42, F04,Assay,Unknown,Un_0414 1/1,620,0.159,491.6
42, G04,Assay,Unknown,Un_0415 1/1,620,0.171,492.27
42, H04,Assay,Unknown,Un_0416 1/1,620,0.168,493.04
42, A05,Assay,Unknown,Un_0417 1/1,620,0.202,487.98
42, B05,Assay,Unknown,Un_0418 1/1,620,0.125,488.7
42, C05,Assay,Unknown,Un_0419 1/1,620,0.158,489.41
42, D05,Assay,Unknown,Un_0420 1/1,620,0.186,490.14
42, E05,Assay,Unknown,Un_0421 1/1,620,0.197,490.85
42, F05,Assay,Unknown,Un_0422 1/1,620,0.209,491.58
42, G05,Assay,Unknown,Un_0423 1/1,620,0.174,492.29
42, H05,Assay,Unknown,Un_0424 1/1,620,0.246,493.02
42, A06,Assay,Unknown,Un_0425 1/1,620,0.181,487.99
42, B06,Assay,Unknown,Un_0426 1/1,620,0.151,488.69
42, C06,Assay,Unknown,Un_0427 1/1,620,0.203,489.43
42, D06,Assay,Unknown,Un_0428 1/1,620,0.19,490.12
42, E06,Assay,Unknown,Un_0429 1/1,620,0.324,490.87
42, F06,Assay,Unknown,Un_0430 1/1,620,0.407,491.56
42, G06,Assay,Unknown,Un_0431 1/1,620,0.195,492.31
42, H06,Assay,Unknown,Un_0432 1/1,620,0.22,493
42, A07,Assay,Unknown,Un_0433 1/1,620,0.19,488.01
42, B07,Assay,Unknown,Un_0434 1/1,620,0.175,488.67
42, C07,Assay,Unknown,Un_0435 1/1,620,0.174,489.45
42, D07,Assay,Unknown,Un_0436 1/1,620,0.212,490.1
42, E07,Assay,Unknown,Un_0437 1/1,620,0.036,490.89
42, F07,Assay,Unknown,Un_0438 1/1,620,0.035,491.54
42, G07,Assay,Unknown,Un_0439 1/1,620,0.036,492.32
42, H07,Assay,Unknown,Un_0440 1/1,620,0.035,492.98
42, A08,Assay,Unknown,Un_0441 1/1,620,0.262,488.03
42, B08,Assay,Unknown,Un_0442 1/1,620,0.213,488.65
42, C08,Assay,Unknown,Un_0443 1/1,620,0.271,489.47
42, D08,Assay,Unknown,Un_0444 1/1,620,0.777,490.08
42, E08,Assay,Unknown,Un_0445 1/1,620,0.367,490.91
42, F08,Assay,Unknown,Un_0446 1/1,620,0.187,491.52
42, G08,Assay,Unknown,Un_0447 1/1,620,0.194,492.34
42, H08,Assay,Unknown,Un_0448 1/1,620,0.288,492.96
42, A09,Assay,Unknown,Un_0449 1/1,620,0.192,488.05
42, B09,Assay,Unknown,Un_0450 1/1,620,0.149,488.63
42, C09,Assay,Unknown,Un_0451 1/1,620,0.182,489.49
42, D09,Assay,Unknown,Un_0452 1/1,620,0.208,490.07
42, E09,Assay,Unknown,Un_0453 1/1,620,0.181,490.93
42, F09,Assay,Unknown,Un_0454 1/1,620,0.203,491.5
42, G09,Assay,Unknown,Un_0455 1/1,620,0.227,492.36
42, H09,Assay,Unknown,Un_0456 1/1,620,0.426,492.94
42, A10,Assay,Unknown,Un_0457 1/1,620,0.217,488.07
42, B10,Assay,Unknown,Un_0458 1/1,620,0.181,488.61
42, C10,Assay,Unknown,Un_0459 1/1,620,0.179,489.51
42, D10,Assay,Unknown,Un_0460 1/1,620,0.183,490.05
42, E10,Assay,Unknown,Un_0461 1/1,620,0.353,490.94
42, F10,Assay,Unknown,Un_0462 1/1,620,0.179,491.48
42, G10,Assay,Unknown,Un_0463 1/1,620,0.175,492.38
42, H10,Assay,Unknown,Un_0464 1/1,620,0.256,492.92
42, A11,Assay,Unknown,Un_0465 1/1,620,0.18,488.09
42, B11,Assay,Unknown,Un_0466 1/1,620,0.168,488.59
42, C11,Assay,Unknown,Un_0467 1/1,620,0.181,489.53
42, D11,Assay,Unknown,Un_0468 1/1,620,0.201,490.03
42, E11,Assay,Unknown,Un_0469 1/1,620,0.348,490.96
42, F11,Assay,Unknown,Un_0470 1/1,620,0.153,491.46
42, G11,Assay,Unknown,Un_0471 1/1,620,0.149,492.4
42, H11,Assay,Unknown,Un_0472 1/1,620,0.338,492.9
42, A12,Assay,Unknown,Un_0473 1/1,620,0.21,488.11
42, B12,Assay,Unknown,Un_0474 1/1,620,0.181,488.57
42, C12,Assay,Unknown,Un_0475 1/1,620,0.192,489.55
42, D12,Assay,Unknown,Un_0476 1/1,620,0.216,490.01
42, E12,Assay,Unknown,Un_0477 1/1,620,0.037,490.98
42, F12,Assay,Unknown,Un_0478 1/1,620,0.042,491.44
42, G12,Assay,Unknown,Un_0479 1/1,620,0.041,492.42
42, H12,Assay,Unknown,Un_0480 1/1,620,0.037,492.88
