Plate,Well,Group,Type,Sample,Wavelength [Ex],Abs,Time [s]
TC_Amb,A01,Group 1,Unknown,Un0001,620,0.1016,13.69
TC_Amb,A02,Group 1,Unknown,Un0009,620,0.1668,13.71
TC_Amb,A03,Group 1,Unknown,Un0017,620,0.1205,13.73
TC_Amb,A04,Group 1,Unknown,Un0025,620,0.0888,13.75
TC_Amb,A05,Group 1,Unknown,Un0033,620,0.1333,13.76
TC_Amb,A06,Group 1,Unknown,Un0041,620,0.183,13.78
TC_Amb,A07,Group 1,Unknown,Un0049,620,0.1606,13.8
TC_Amb,A08,Group 1,Unknown,Un0057,620,0.1444,13.82
TC_Amb,A09,Group 1,Unknown,Un0065,620,0.1638,13.84
TC_Amb,A10,Group 1,Unknown,Un0073,620,0.1819,13.86
TC_Amb,A11,Group 1,Unknown,Un0081,620,0.1239,13.88
TC_Amb,A12,Group 1,Unknown,Un0089,620,0.1584,13.9
TC_Amb,B12,Group 1,Unknown,Un0090,620,0.1163,14.36
TC_Amb,B11,Group 1,Unknown,Un0082,620,0.1391,14.38
TC_Amb,B10,Group 1,Unknown,Un0074,620,0.1683,14.4
TC_Amb,B09,Group 1,Unknown,Un0066,620,0.1145,14.42
TC_Amb,B08,Group 1,Unknown,Un0058,620,0.1534,14.44
TC_Amb,B07,Group 1,Unknown,Un0050,620,0.1355,14.46
TC_Amb,B06,Group 1,Unknown,Un0042,620,0.1592,14.48
TC_Amb,B05,Group 1,Unknown,Un0034,620,0.1399,14.49
TC_Amb,B04,Group 1,Unknown,Un0026,620,0.191,14.51
TC_Amb,B03,Group 1,Unknown,Un0018,620,0.1311,14.53
TC_Amb,B02,Group 1,Unknown,Un0010,620,0.1597,14.55
TC_Amb,B01,Group 1,Unknown,Un0002,620,0.1174,14.57
TC_Amb,C01,Group 1,Unknown,Un0003,620,0.1569,15.12
TC_Amb,C02,Group 1,Unknown,Un0011,620,0.0798,15.14
TC_Amb,C03,Group 1,Unknown,Un0019,620,0.1027,15.16
TC_Amb,C04,Group 1,Unknown,Un0027,620,0.1489,15.18
TC_Amb,C05,Group 1,Unknown,Un0035,620,0.1072,15.2
TC_Amb,C06,Group 1,Unknown,Un0043,620,0.1442,15.22
TC_Amb,C07,Group 1,Unknown,Un0051,620,0.0673,15.24
TC_Amb,C08,Group 1,Unknown,Un0059,620,0.1578,15.26
TC_Amb,C09,Group 1,Unknown,Un0067,620,0.115,15.28
TC_Amb,C10,Group 1,Unknown,Un0075,620,0.1502,15.3
TC_Amb,C11,Group 1,Unknown,Un0083,620,0.1597,15.32
TC_Amb,C12,Group 1,Unknown,Un0091,620,0.1165,15.33
TC_Amb,D12,Group 1,Unknown,Un0092,620,0.0878,15.8
TC_Amb,D11,Group 1,Unknown,Un0084,620,0.0575,15.82
TC_Amb,D10,Group 1,Unknown,Un0076,620,0.0892,15.83
TC_Amb,D09,Group 1,Unknown,Un0068,620,0.0877,15.85
TC_Amb,D08,Group 1,Unknown,Un0060,620,0.0851,15.87
TC_Amb,D07,Group 1,Unknown,Un0052,620,0.0631,15.89
TC_Amb,D06,Group 1,Unknown,Un0044,620,0.1012,15.91
TC_Amb,D05,Group 1,Unknown,Un0036,620,0.0772,15.93
TC_Amb,D04,Group 1,Unknown,Un0028,620,0.1148,15.95
TC_Amb,D03,Group 1,Unknown,Un0020,620,0.0798,15.97
TC_Amb,D02,Group 1,Unknown,Un0012,620,0.0852,15.99
TC_Amb,D01,Group 1,Unknown,Un0004,620,0.1166,16.01
TC_Amb,E01,Group 1,Unknown,Un0005,620,0.1554,16.56
TC_Amb,E02,Group 1,Unknown,Un0013,620,0.1365,16.58
TC_Amb,E03,Group 1,Unknown,Un0021,620,0.051,16.6
TC_Amb,E04,Group 1,Unknown,Un0029,620,0.1225,16.62
TC_Amb,E05,Group 1,Unknown,Un0037,620,0.1322,16.64
TC_Amb,E06,Group 1,Unknown,Un0045,620,0.0865,16.66
TC_Amb,E07,Group 1,Unknown,Un0053,620,0.0356,16.67
TC_Amb,E08,Group 1,Unknown,Un0061,620,0.2358,16.69
TC_Amb,E09,Group 1,Unknown,Un0069,620,0.1115,16.71
TC_Amb,E10,Group 1,Unknown,Un0077,620,0.2516,16.73
TC_Amb,E11,Group 1,Unknown,Un0085,620,0.0962,16.75
TC_Amb,E12,Group 1,Unknown,Un0093,620,0.038,16.77
TC_Amb,F12,Group 1,Unknown,Un0094,620,0.0368,17.23
TC_Amb,F11,Group 1,Unknown,Un0086,620,0.0753,17.25
TC_Amb,F10,Group 1,Unknown,Un0078,620,0.1558,17.27
TC_Amb,F09,Group 1,Unknown,Un0070,620,0.0841,17.29
TC_Amb,F08,Group 1,Unknown,Un0062,620,0.2041,17.31
TC_Amb,F07,Group 1,Unknown,Un0054,620,0.0351,17.33
TC_Amb,F06,Group 1,Unknown,Un0046,620,0.0906,17.35
TC_Amb,F05,Group 1,Unknown,Un0038,620,0.1754,17.37
TC_Amb,F04,Group 1,Unknown,Un0030,620,0.0989,17.39
TC_Amb,F03,Group 1,Unknown,Un0022,620,0.0776,17.4
TC_Amb,F02,Group 1,Unknown,Un0014,620,0.1121,17.42
TC_Amb,F01,Group 1,Unknown,Un0006,620,0.0917,17.44
TC_Amb,G01,Group 1,Unknown,Un0007,620,0.0772,18
TC_Amb,G02,Group 1,Unknown,Un0015,620,0.0389,18.01
TC_Amb,G03,Group 1,Unknown,Un0023,620,0.0533,18.03
TC_Amb,G04,Group 1,Unknown,Un0031,620,0.1019,18.05
TC_Amb,G05,Group 1,Unknown,Un0039,620,0.1413,18.07
TC_Amb,G06,Group 1,Unknown,Un0047,620,0.0985,18.09
TC_Amb,G07,Group 1,Unknown,Un0055,620,0.0349,18.11
TC_Amb,G08,Group 1,Unknown,Un0063,620,0.2176,18.13
TC_Amb,G09,Group 1,Unknown,Un0071,620,0.0904,18.15
TC_Amb,G10,Group 1,Unknown,Un0079,620,0.1764,18.17
TC_Amb,G11,Group 1,Unknown,Un0087,620,0.0748,18.19
TC_Amb,G12,Group 1,Unknown,Un0095,620,0.0362,18.21
TC_Amb,H12,Group 1,Unknown,Un0096,620,0.0377,18.67
TC_Amb,H11,Group 1,Unknown,Un0088,620,0.0749,18.69
TC_Amb,H10,Group 1,Unknown,Un0080,620,0.1765,18.71
TC_Amb,H09,Group 1,Unknown,Un0072,620,0.0994,18.72
TC_Amb,H08,Group 1,Unknown,Un0064,620,0.1941,18.74
TC_Amb,H07,Group 1,Unknown,Un0056,620,0.0347,18.76
TC_Amb,H06,Group 1,Unknown,Un0048,620,0.0941,18.78
TC_Amb,H05,Group 1,Unknown,Un0040,620,0.1507,18.8
TC_Amb,H04,Group 1,Unknown,Un0032,620,0.0879,18.82
TC_Amb,H03,Group 1,Unknown,Un0024,620,0.1235,18.84
TC_Amb,H02,Group 1,Unknown,Un0016,620,0.1123,18.86
TC_Amb,H01,Group 1,Unknown,Un0008,620,0.1444,18.88
30,A01,Group 1,Unknown,Un0097,620,0.1505,356.31
30,A02,Group 1,Unknown,Un0105,620,0.1254,356.33
30,A03,Group 1,Unknown,Un0113,620,0.1586,356.35
30,A04,Group 1,Unknown,Un0121,620,0.151,356.37
30,A05,Group 1,Unknown,Un0129,620,0.1376,356.39
30,A06,Group 1,Unknown,Un0137,620,0.1706,356.4
30,A07,Group 1,Unknown,Un0145,620,0.1301,356.42
30,A08,Group 1,Unknown,Un0153,620,0.1841,356.44
30,A09,Group 1,Unknown,Un0161,620,0.156,356.46
30,A10,Group 1,Unknown,Un0169,620,0.1314,356.48
30,A11,Group 1,Unknown,Un0177,620,0.1481,356.5
30,A12,Group 1,Unknown,Un0185,620,0.1823,356.52
30,B12,Group 1,Unknown,Un0186,620,0.0866,356.98
30,B11,Group 1,Unknown,Un0178,620,0.0657,357
30,B10,Group 1,Unknown,Un0170,620,0.0978,357.02
30,B09,Group 1,Unknown,Un0162,620,0.0706,357.04
30,B08,Group 1,Unknown,Un0154,620,0.0928,357.06
30,B07,Group 1,Unknown,Un0146,620,0.0822,357.08
30,B06,Group 1,Unknown,Un0138,620,0.0908,357.1
30,B05,Group 1,Unknown,Un0130,620,0.1012,357.11
30,B04,Group 1,Unknown,Un0122,620,0.0897,357.13
30,B03,Group 1,Unknown,Un0114,620,0.0817,357.15
30,B02,Group 1,Unknown,Un0106,620,0.0772,357.17
30,B01,Group 1,Unknown,Un0098,620,0.1366,357.19
30,C01,Group 1,Unknown,Un0099,620,0.1969,357.74
30,C02,Group 1,Unknown,Un0107,620,0.0746,357.76
30,C03,Group 1,Unknown,Un0115,620,0.0876,357.78
30,C04,Group 1,Unknown,Un0123,620,0.1234,357.8
30,C05,Group 1,Unknown,Un0131,620,0.1335,357.82
30,C06,Group 1,Unknown,Un0139,620,0.0687,357.84
30,C07,Group 1,Unknown,Un0147,620,0.1398,357.86
30,C08,Group 1,Unknown,Un0155,620,0.1575,357.88
30,C09,Group 1,Unknown,Un0163,620,0.1366,357.9
30,C10,Group 1,Unknown,Un0171,620,0.1049,357.92
30,C11,Group 1,Unknown,Un0179,620,0.0854,357.94
30,C12,Group 1,Unknown,Un0187,620,0.1766,357.95
30,D12,Group 1,Unknown,Un0188,620,0.1676,358.42
30,D11,Group 1,Unknown,Un0180,620,0.1512,358.44
30,D10,Group 1,Unknown,Un0172,620,0.1894,358.45
30,D09,Group 1,Unknown,Un0164,620,0.1685,358.47
30,D08,Group 1,Unknown,Un0156,620,0.2153,358.49
30,D07,Group 1,Unknown,Un0148,620,0.1222,358.51
30,D06,Group 1,Unknown,Un0140,620,0.117,358.53
30,D05,Group 1,Unknown,Un0132,620,0.1397,358.55
30,D04,Group 1,Unknown,Un0124,620,0.115,358.57
30,D03,Group 1,Unknown,Un0116,620,0.1739,358.59
30,D02,Group 1,Unknown,Un0108,620,0.1456,358.61
30,D01,Group 1,Unknown,Un0100,620,0.2509,358.63
30,E01,Group 1,Unknown,Un0101,620,0.1276,359.18
30,E02,Group 1,Unknown,Un0109,620,0.1326,359.2
30,E03,Group 1,Unknown,Un0117,620,0.0882,359.22
30,E04,Group 1,Unknown,Un0125,620,0.1733,359.24
30,E05,Group 1,Unknown,Un0133,620,0.1071,359.26
30,E06,Group 1,Unknown,Un0141,620,0.0772,359.28
30,E07,Group 1,Unknown,Un0149,620,0.0336,359.3
30,E08,Group 1,Unknown,Un0157,620,0.1967,359.31
30,E09,Group 1,Unknown,Un0165,620,0.109,359.33
30,E10,Group 1,Unknown,Un0173,620,0.1388,359.35
30,E11,Group 1,Unknown,Un0181,620,0.492,359.37
30,E12,Group 1,Unknown,Un0189,620,0.04,359.39
30,F12,Group 1,Unknown,Un0190,620,0.0363,359.85
30,F11,Group 1,Unknown,Un0182,620,0.13,359.87
30,F10,Group 1,Unknown,Un0174,620,0.1283,359.89
30,F09,Group 1,Unknown,Un0166,620,0.1535,359.91
30,F08,Group 1,Unknown,Un0158,620,0.2224,359.93
30,F07,Group 1,Unknown,Un0150,620,0.0349,359.95
30,F06,Group 1,Unknown,Un0142,620,0.1007,359.97
30,F05,Group 1,Unknown,Un0134,620,0.1186,359.99
30,F04,Group 1,Unknown,Un0126,620,0.1696,360.01
30,F03,Group 1,Unknown,Un0118,620,0.1391,360.02
30,F02,Group 1,Unknown,Un0110,620,0.1381,360.04
30,F01,Group 1,Unknown,Un0102,620,0.1369,360.06
30,G01,Group 1,Unknown,Un0103,620,0.095,360.62
30,G02,Group 1,Unknown,Un0111,620,0.0957,360.63
30,G03,Group 1,Unknown,Un0119,620,0.1213,360.65
30,G04,Group 1,Unknown,Un0127,620,0.0793,360.67
30,G05,Group 1,Unknown,Un0135,620,0.1115,360.69
30,G06,Group 1,Unknown,Un0143,620,0.1038,360.71
30,G07,Group 1,Unknown,Un0151,620,0.0346,360.73
30,G08,Group 1,Unknown,Un0159,620,0.1523,360.75
30,G09,Group 1,Unknown,Un0167,620,0.0845,360.77
30,G10,Group 1,Unknown,Un0175,620,0.2495,360.79
30,G11,Group 1,Unknown,Un0183,620,0.1303,360.81
30,G12,Group 1,Unknown,Un0191,620,0.0353,360.83
30,H12,Group 1,Unknown,Un0192,620,0.0363,361.29
30,H11,Group 1,Unknown,Un0184,620,0.1452,361.31
30,H10,Group 1,Unknown,Un0176,620,0.1393,361.33
30,H09,Group 1,Unknown,Un0168,620,0.1064,361.34
30,H08,Group 1,Unknown,Un0160,620,0.2341,361.36
30,H07,Group 1,Unknown,Un0152,620,0.0347,361.38
30,H06,Group 1,Unknown,Un0144,620,0.145,361.4
30,H05,Group 1,Unknown,Un0136,620,0.1373,361.42
30,H04,Group 1,Unknown,Un0128,620,0.1264,361.44
30,H03,Group 1,Unknown,Un0120,620,0.1094,361.46
30,H02,Group 1,Unknown,Un0112,620,0.1486,361.48
30,H01,Group 1,Unknown,Un0104,620,0.1736,361.5
37,A01,Group 1,Unknown,Un0193,620,0.1749,705.49
37,A02,Group 1,Unknown,Un0200,620,0.1409,705.51
37,A03,Group 1,Unknown,Un0207,620,0.1127,705.53
37,A04,Group 1,Unknown,Un0214,620,0.1373,705.55
37,A05,Group 1,Unknown,Un0221,620,0.1185,705.57
37,A06,Group 1,Unknown,Un0228,620,0.1187,705.58
37,A07,Group 1,Unknown,Un0235,620,0.108,705.6
37,A08,Group 1,Unknown,Un0242,620,0.1637,705.62
37,A09,Group 1,Unknown,Un0249,620,0.1242,705.64
37,A10,Group 1,Unknown,Un0256,620,0.1306,705.66
37,A11,Group 1,Unknown,Un0263,620,0.154,705.68
37,A12,Group 1,Unknown,Un0270,620,0.1773,705.7
37,B12,Group 1,Unknown,Un0271,620,0.153,706.16
37,B11,Group 1,Unknown,Un0264,620,0.1415,706.18
37,B10,Group 1,Unknown,Un0257,620,0.1423,706.2
37,B09,Group 1,Unknown,Un0250,620,0.1281,706.22
37,B08,Group 1,Unknown,Un0243,620,0.1322,706.24
37,B07,Group 1,Unknown,Un0236,620,0.0993,706.26
37,B06,Group 1,Unknown,Un0229,620,0.1342,706.28
37,B05,Group 1,Unknown,Un0222,620,0.1353,706.29
37,B04,Group 1,Unknown,Un0215,620,0.123,706.31
37,B03,Group 1,Unknown,Un0208,620,0.0973,706.33
37,B02,Group 1,Unknown,Un0201,620,0.1295,706.35
37,B01,Group 1,Unknown,Un0194,620,0.0964,706.37
37,C01,Group 1,Unknown,Un0195,620,0.1348,706.92
37,C02,Group 1,Unknown,Un0202,620,0.1405,706.94
37,C03,Group 1,Unknown,Un0209,620,0.086,706.96
37,C04,Group 1,Unknown,Un0216,620,0.1465,706.98
37,C05,Group 1,Unknown,Un0223,620,0.1291,707
37,C06,Group 1,Unknown,Un0230,620,0.1299,707.02
37,C07,Group 1,Unknown,Un0237,620,0.117,707.04
37,C08,Group 1,Unknown,Un0244,620,0.1176,707.06
37,C09,Group 1,Unknown,Un0251,620,0.1254,707.08
37,C10,Group 1,Unknown,Un0258,620,0.1209,707.1
37,C11,Group 1,Unknown,Un0265,620,0.1244,707.12
37,C12,Group 1,Unknown,Un0272,620,0.1301,707.13
37,D12,Group 1,Unknown,Un0273,620,0.1281,707.6
37,D11,Group 1,Unknown,Un0266,620,0.1223,707.62
37,D10,Group 1,Unknown,Un0259,620,0.1173,707.63
37,D09,Group 1,Unknown,Un0252,620,0.1157,707.65
37,D08,Group 1,Unknown,Un0245,620,0.132,707.67
37,D07,Group 1,Unknown,Un0238,620,1.1432,707.69
37,D06,Group 1,Unknown,Un0231,620,0.0622,707.71
37,D05,Group 1,Unknown,Un0224,620,0.1177,707.73
37,D04,Group 1,Unknown,Un0217,620,0.1284,707.75
37,D03,Group 1,Unknown,Un0210,620,0.0897,707.77
37,D02,Group 1,Unknown,Un0203,620,0.1324,707.79
37,D01,Group 1,Unknown,Un0196,620,0.1886,707.81
37,E01,Group 1,Unknown,Un0197,620,0.1445,708.36
37,E02,Group 1,Unknown,Un0204,620,0.1917,708.38
37,E03,Group 1,Unknown,Un0211,620,0.0431,708.4
37,E04,Group 1,Unknown,Un0218,620,0.1469,708.42
37,E05,Group 1,Unknown,Un0225,620,0.1653,708.44
37,E06,Group 1,Unknown,Un0232,620,0.1187,708.46
37,E07,Group 1,Unknown,Un0239,620,0.0351,708.48
37,E08,Group 1,Unknown,Un0246,620,0.155,708.49
37,E09,Group 1,Unknown,Un0253,620,0.1502,708.51
37,E10,Group 1,Unknown,Un0260,620,0.1857,708.53
37,E11,Group 1,Unknown,Un0267,620,0.1345,708.55
37,E12,Group 1,Unknown,Un0274,620,0.0382,708.57
37,F12,Group 1,Unknown,Un0275,620,0.0362,709.03
37,F11,Group 1,Unknown,Un0268,620,0.1304,709.05
37,F10,Group 1,Unknown,Un0261,620,0.1829,709.07
37,F09,Group 1,Unknown,Un0254,620,0.1359,709.09
37,F08,Group 1,Unknown,Un0247,620,0.1557,709.11
37,F07,Group 1,Unknown,Un0240,620,0.0339,709.13
37,F06,Group 1,Unknown,Un0233,620,0.1101,709.15
37,F05,Group 1,Unknown,Un0226,620,0.1509,709.17
37,F04,Group 1,Unknown,Un0219,620,0.1121,709.19
37,F03,Group 1,Unknown,Un0212,620,0.0379,709.2
37,F02,Group 1,Unknown,Un0205,620,0.143,709.22
37,F01,Group 1,Unknown,Un0198,620,0.1323,709.24
37,G01,Group 1,Unknown,Un0199,620,0.1401,709.8
37,G02,Group 1,Unknown,Un0206,620,0.1513,709.81
37,G03,Group 1,Unknown,Un0213,620,0.0384,709.83
37,G04,Group 1,Unknown,Un0220,620,0.1155,709.85
37,G05,Group 1,Unknown,Un0227,620,0.1547,709.87
37,G06,Group 1,Unknown,Un0234,620,0.1244,709.89
37,G07,Group 1,Unknown,Un0241,620,0.0348,709.91
37,G08,Group 1,Unknown,Un0248,620,0.1535,709.93
37,G09,Group 1,Unknown,Un0255,620,0.1417,709.95
37,G10,Group 1,Unknown,Un0262,620,0.1696,709.97
37,G11,Group 1,Unknown,Un0269,620,0.1268,709.99
37,G12,Group 1,Unknown,Un0276,620,0.0348,710.01
37,H12,Group 1,Unknown,Un0288,620,0.035,710.47
37,H11,Group 1,Unknown,Un0287,620,0.1548,710.49
37,H10,Group 1,Unknown,Un0286,620,0.1697,710.51
37,H09,Group 1,Unknown,Un0285,620,0.1496,710.52
37,H08,Group 1,Unknown,Un0284,620,0.1458,710.54
37,H07,Group 1,Unknown,Un0283,620,0.0345,710.56
37,H06,Group 1,Unknown,Un0282,620,0.1819,710.58
37,H05,Group 1,Unknown,Un0281,620,0.1624,710.6
37,H04,Group 1,Unknown,Un0280,620,0.1331,710.62
37,H03,Group 1,Unknown,Un0279,620,0.1376,710.64
37,H02,Group 1,Unknown,Un0278,620,0.2069,710.66
37,H01,Group 1,Unknown,Un0277,620,0.142,710.68
42,A01,Group 1,Unknown,Un0289,620,0.2056,1054.66
42,A02,Group 1,Unknown,Un0290,620,0.1533,1054.68
42,A03,Group 1,Unknown,Un0291,620,0.172,1054.7
42,A04,Group 1,Unknown,Un0292,620,0.1619,1054.72
42,A05,Group 1,Unknown,Un0293,620,0.1745,1054.74
42,A06,Group 1,Unknown,Un0294,620,0.1887,1054.75
42,A07,Group 1,Unknown,Un0295,620,0.1426,1054.77
42,A08,Group 1,Unknown,Un0296,620,0.1794,1054.79
42,A09,Group 1,Unknown,Un0297,620,0.163,1054.81
42,A10,Group 1,Unknown,Un0298,620,0.187,1054.83
42,A11,Group 1,Unknown,Un0299,620,0.1653,1054.85
42,A12,Group 1,Unknown,Un0300,620,0.203,1054.87
42,B12,Group 1,Unknown,Un0312,620,0.2146,1055.33
42,B11,Group 1,Unknown,Un0311,620,0.2207,1055.35
42,B10,Group 1,Unknown,Un0310,620,0.1993,1055.37
42,B09,Group 1,Unknown,Un0309,620,0.1618,1055.39
42,B08,Group 1,Unknown,Un0308,620,0.227,1055.41
42,B07,Group 1,Unknown,Un0307,620,0.1958,1055.43
42,B06,Group 1,Unknown,Un0306,620,0.2085,1055.45
42,B05,Group 1,Unknown,Un0305,620,0.2357,1055.46
42,B04,Group 1,Unknown,Un0304,620,0.1742,1055.48
42,B03,Group 1,Unknown,Un0303,620,0.1715,1055.5
42,B02,Group 1,Unknown,Un0302,620,0.1839,1055.52
42,B01,Group 1,Unknown,Un0301,620,0.187,1055.54
42,C01,Group 1,Unknown,Un0313,620,0.1764,1056.09
42,C02,Group 1,Unknown,Un0314,620,0.1612,1056.11
42,C03,Group 1,Unknown,Un0315,620,0.1661,1056.13
42,C04,Group 1,Unknown,Un0316,620,0.1667,1056.15
42,C05,Group 1,Unknown,Un0317,620,0.1493,1056.17
42,C06,Group 1,Unknown,Un0318,620,0.1444,1056.19
42,C07,Group 1,Unknown,Un0319,620,0.1209,1056.21
42,C08,Group 1,Unknown,Un0320,620,0.1617,1056.23
42,C09,Group 1,Unknown,Un0321,620,0.1401,1056.25
42,C10,Group 1,Unknown,Un0322,620,0.1559,1056.27
42,C11,Group 1,Unknown,Un0323,620,0.115,1056.29
42,C12,Group 1,Unknown,Un0324,620,0.169,1056.3
42,D12,Group 1,Unknown,Un0336,620,0.1905,1056.77
42,D11,Group 1,Unknown,Un0335,620,0.1678,1056.79
42,D10,Group 1,Unknown,Un0334,620,0.1757,1056.8
42,D09,Group 1,Unknown,Un0333,620,0.1587,1056.82
42,D08,Group 1,Unknown,Un0332,620,0.2015,1056.84
42,D07,Group 1,Unknown,Un0331,620,0.1533,1056.86
42,D06,Group 1,Unknown,Un0330,620,0.1886,1056.88
42,D05,Group 1,Unknown,Un0329,620,0.2058,1056.9
42,D04,Group 1,Unknown,Un0328,620,0.1701,1056.92
42,D03,Group 1,Unknown,Un0327,620,0.1436,1056.94
42,D02,Group 1,Unknown,Un0326,620,0.1746,1056.96
42,D01,Group 1,Unknown,Un0325,620,0.236,1056.98
42,E01,Group 1,Unknown,Un0337,620,0.1901,1057.53
42,E02,Group 1,Unknown,Un0338,620,0.1807,1057.55
42,E03,Group 1,Unknown,Un0339,620,0.0372,1057.57
42,E04,Group 1,Unknown,Un0340,620,0.1926,1057.59
42,E05,Group 1,Unknown,Un0341,620,0.185,1057.61
42,E06,Group 1,Unknown,Un0342,620,0.6311,1057.63
42,E07,Group 1,Unknown,Un0343,620,0.035,1057.65
42,E08,Group 1,Unknown,Un0344,620,0.1685,1057.66
42,E09,Group 1,Unknown,Un0345,620,0.4871,1057.68
42,E10,Group 1,Unknown,Un0346,620,0.1601,1057.7
42,E11,Group 1,Unknown,Un0347,620,0.1641,1057.72
42,E12,Group 1,Unknown,Un0348,620,0.0359,1057.74
42,F12,Group 1,Unknown,Un0360,620,0.039,1058.2
42,F11,Group 1,Unknown,Un0359,620,0.1387,1058.22
42,F10,Group 1,Unknown,Un0358,620,0.1709,1058.24
42,F09,Group 1,Unknown,Un0357,620,0.179,1058.26
42,F08,Group 1,Unknown,Un0356,620,0.149,1058.28
42,F07,Group 1,Unknown,Un0355,620,0.0358,1058.3
42,F06,Group 1,Unknown,Un0354,620,0.8097,1058.32
42,F05,Group 1,Unknown,Un0353,620,0.1736,1058.34
42,F04,Group 1,Unknown,Un0352,620,0.6268,1058.36
42,F03,Group 1,Unknown,Un0351,620,0.038,1058.37
42,F02,Group 1,Unknown,Un0350,620,0.2038,1058.39
42,F01,Group 1,Unknown,Un0349,620,0.1869,1058.41
42,G01,Group 1,Unknown,Un0361,620,0.2366,1058.97
42,G02,Group 1,Unknown,Un0362,620,0.2181,1058.98
42,G03,Group 1,Unknown,Un0363,620,0.0379,1059
42,G04,Group 1,Unknown,Un0364,620,0.1707,1059.02
42,G05,Group 1,Unknown,Un0365,620,0.1429,1059.04
42,G06,Group 1,Unknown,Un0366,620,0.1818,1059.06
42,G07,Group 1,Unknown,Un0367,620,0.0379,1059.08
42,G08,Group 1,Unknown,Un0368,620,0.1728,1059.1
42,G09,Group 1,Unknown,Un0369,620,0.182,1059.12
42,G10,Group 1,Unknown,Un0370,620,0.1561,1059.14
42,G11,Group 1,Unknown,Un0371,620,0.1703,1059.16
42,G12,Group 1,Unknown,Un0372,620,0.0357,1059.18
42,H12,Group 1,Unknown,Un0384,620,0.0375,1059.64
42,H11,Group 1,Unknown,Un0383,620,0.2443,1059.66
42,H10,Group 1,Unknown,Un0382,620,0.1637,1059.68
42,H09,Group 1,Unknown,Un0381,620,0.2115,1059.7
42,H08,Group 1,Unknown,Un0380,620,0.2669,1059.71
42,H07,Group 1,Unknown,Un0379,620,0.0365,1059.73
42,H06,Group 1,Unknown,Un0378,620,0.2072,1059.75
42,H05,Group 1,Unknown,Un0377,620,0.2497,1059.77
42,H04,Group 1,Unknown,Un0376,620,0.1693,1059.79
42,H03,Group 1,Unknown,Un0375,620,0.1865,1059.81
42,H02,Group 1,Unknown,Un0374,620,0.2507,1059.83
42,H01,Group 1,Unknown,Un0373,620,0.2793,1059.85
12,A01,Group 1,Unknown,Un0385,620,0.1604,1397.85
12,A02,Group 1,Unknown,Un0393,620,0.1308,1397.87
12,A03,Group 1,Unknown,Un0401,620,0.0352,1397.89
12,A04,Group 1,Unknown,Un0409,620,0.1908,1397.91
12,A05,Group 1,Unknown,Un0417,620,0.1748,1397.93
12,A06,Group 1,Unknown,Un0425,620,0.1594,1397.94
12,A07,Group 1,Unknown,Un0433,620,0.1296,1397.96
12,A08,Group 1,Unknown,Un0441,620,0.0541,1397.98
12,A09,Group 1,Unknown,Un0449,620,0.0969,1398
12,A10,Group 1,Unknown,Un0457,620,0.1111,1398.02
12,A11,Group 1,Unknown,Un0465,620,0.1553,1398.04
12,A12,Group 1,Unknown,Un0473,620,0.1805,1398.06
12,B12,Group 1,Unknown,Un0474,620,0.1687,1398.52
12,B11,Group 1,Unknown,Un0466,620,0.1029,1398.54
12,B10,Group 1,Unknown,Un0458,620,0.0829,1398.56
12,B09,Group 1,Unknown,Un0450,620,0.1051,1398.58
12,B08,Group 1,Unknown,Un0442,620,0.1761,1398.6
12,B07,Group 1,Unknown,Un0434,620,0.1062,1398.62
12,B06,Group 1,Unknown,Un0426,620,0.0927,1398.64
12,B05,Group 1,Unknown,Un0418,620,0.124,1398.65
12,B04,Group 1,Unknown,Un0410,620,0.1133,1398.67
12,B03,Group 1,Unknown,Un0402,620,0.0356,1398.69
12,B02,Group 1,Unknown,Un0394,620,0.0437,1398.71
12,B01,Group 1,Unknown,Un0386,620,0.1338,1398.73
12,C01,Group 1,Unknown,Un0387,620,0.1312,1399.28
12,C02,Group 1,Unknown,Un0395,620,0.0377,1399.3
12,C03,Group 1,Unknown,Un0403,620,0.0358,1399.32
12,C04,Group 1,Unknown,Un0411,620,0.0882,1399.34
12,C05,Group 1,Unknown,Un0419,620,0.1034,1399.36
12,C06,Group 1,Unknown,Un0427,620,0.106,1399.38
12,C07,Group 1,Unknown,Un0435,620,0.1149,1399.4
12,C08,Group 1,Unknown,Un0443,620,0.0497,1399.42
12,C09,Group 1,Unknown,Un0451,620,0.0881,1399.44
12,C10,Group 1,Unknown,Un0459,620,0.0842,1399.46
12,C11,Group 1,Unknown,Un0467,620,0.1277,1399.48
12,C12,Group 1,Unknown,Un0475,620,0.1576,1399.49
12,D12,Group 1,Unknown,Un0476,620,0.0936,1399.96
12,D11,Group 1,Unknown,Un0468,620,0.1103,1399.98
12,D10,Group 1,Unknown,Un0460,620,0.0607,1399.99
12,D09,Group 1,Unknown,Un0452,620,0.0715,1400.01
12,D08,Group 1,Unknown,Un0444,620,0.1395,1400.03
12,D07,Group 1,Unknown,Un0436,620,0.0987,1400.05
12,D06,Group 1,Unknown,Un0428,620,0.087,1400.07
12,D05,Group 1,Unknown,Un0420,620,0.1334,1400.09
12,D04,Group 1,Unknown,Un0412,620,0.0725,1400.11
12,D03,Group 1,Unknown,Un0404,620,0.036,1400.13
12,D02,Group 1,Unknown,Un0396,620,0.0437,1400.15
12,D01,Group 1,Unknown,Un0388,620,0.1217,1400.17
12,E01,Group 1,Unknown,Un0389,620,0.1198,1400.72
12,E02,Group 1,Unknown,Un0397,620,0.129,1400.74
12,E03,Group 1,Unknown,Un0405,620,0.0354,1400.76
12,E04,Group 1,Unknown,Un0413,620,0.0798,1400.78
12,E05,Group 1,Unknown,Un0421,620,0.1546,1400.8
12,E06,Group 1,Unknown,Un0429,620,0.131,1400.82
12,E07,Group 1,Unknown,Un0437,620,0.0354,1400.83
12,E08,Group 1,Unknown,Un0445,620,0.2688,1400.85
12,E09,Group 1,Unknown,Un0453,620,0.0993,1400.87
12,E10,Group 1,Unknown,Un0461,620,0.2125,1400.89
12,E11,Group 1,Unknown,Un0469,620,0.0379,1400.91
12,E12,Group 1,Unknown,Un0477,620,0.0345,1400.93
12,F12,Group 1,Unknown,Un0478,620,0.0369,1401.39
12,F11,Group 1,Unknown,Un0470,620,0.0381,1401.41
12,F10,Group 1,Unknown,Un0462,620,0.178,1401.43
12,F09,Group 1,Unknown,Un0454,620,0.0613,1401.45
12,F08,Group 1,Unknown,Un0446,620,0.2179,1401.47
12,F07,Group 1,Unknown,Un0438,620,0.0357,1401.49
12,F06,Group 1,Unknown,Un0430,620,0.107,1401.51
12,F05,Group 1,Unknown,Un0422,620,0.153,1401.53
12,F04,Group 1,Unknown,Un0414,620,0.0637,1401.55
12,F03,Group 1,Unknown,Un0406,620,0.0371,1401.56
12,F02,Group 1,Unknown,Un0398,620,0.1097,1401.58
12,F01,Group 1,Unknown,Un0390,620,0.1105,1401.6
12,G01,Group 1,Unknown,Un0391,620,0.1378,1402.16
12,G02,Group 1,Unknown,Un0399,620,0.1156,1402.17
12,G03,Group 1,Unknown,Un0407,620,0.0372,1402.19
12,G04,Group 1,Unknown,Un0415,620,0.0869,1402.21
12,G05,Group 1,Unknown,Un0423,620,0.1256,1402.23
12,G06,Group 1,Unknown,Un0431,620,0.1184,1402.25
12,G07,Group 1,Unknown,Un0439,620,0.0348,1402.27
12,G08,Group 1,Unknown,Un0447,620,0.2033,1402.29
12,G09,Group 1,Unknown,Un0455,620,0.103,1402.31
12,G10,Group 1,Unknown,Un0463,620,0.1908,1402.33
12,G11,Group 1,Unknown,Un0471,620,0.0357,1402.35
12,G12,Group 1,Unknown,Un0479,620,0.0414,1402.37
12,H12,Group 1,Unknown,Un0480,620,0.0358,1402.83
12,H11,Group 1,Unknown,Un0472,620,0.0383,1402.85
12,H10,Group 1,Unknown,Un0464,620,0.1901,1402.87
12,H09,Group 1,Unknown,Un0456,620,0.1095,1402.88
12,H08,Group 1,Unknown,Un0448,620,0.2497,1402.9
12,H07,Group 1,Unknown,Un0440,620,0.0344,1402.92
12,H06,Group 1,Unknown,Un0432,620,0.1309,1402.94
12,H05,Group 1,Unknown,Un0424,620,0.1542,1402.96
12,H04,Group 1,Unknown,Un0416,620,0.086,1402.98
12,H03,Group 1,Unknown,Un0408,620,0.0712,1403
12,H02,Group 1,Unknown,Un0400,620,0.1448,1403.02
12,H01,Group 1,Unknown,Un0392,620,0.1371,1403.04
, ,,,,,,
