SampleID,BarcodeSequence,LinkerPrimerSequence,BarcodePlate,Well,Temperature,Carbon,CarbonID,Replicate,Run,Description
TC12_Glu_R1,TCAGCCTCAGCC,GTGTGYCAGCMGCCGCGGTAA,14,A1,12.5,Glucose,Glu,1,1,TC12_Glu_R1
TC12_Mal_R1,TGCAGGGAACCG,GTGTGYCAGCMGCCGCGGTAA,14,A2,12.5,Maltose,Mal,1,1,TC12_Mal_R1
TC12_Lac_R1,CAGCGCGGCTAG,GTGTGYCAGCMGCCGCGGTAA,14,A3,12.5,Lactose,Lac,1,1,TC12_Lac_R1
TC12_Mel_R1,ATGGACCTAGCT,GTGTGYCAGCMGCCGCGGTAA,14,A4,12.5,Melibiose,Mel,1,1,TC12_Mel_R1
TC12_Gal_R1,CTAGCCCGTTCG,GTGTGYCAGCMGCCGCGGTAA,14,A5,12.5,Galactose,Gal,1,1,TC12_Gal_R1
TC12_Suc_R1,ACGGGCACGACA,GTGTGYCAGCMGCCGCGGTAA,14,A6,12.5,Sucrose,Suc,1,1,TC12_Suc_R1
TC12_Fru_R1,TACGAGCCCTAA,GTGTGYCAGCMGCCGCGGTAA,14,A7,12.5,Fructose,Fru,1,1,TC12_Fru_R1
TC12_Man_R1,CAATGGTTTCTT,GTGTGYCAGCMGCCGCGGTAA,14,A8,12.5,Mannose,Man,1,1,TC12_Man_R1
TC12_Rib_R1,ACCCAGTATGGT,GTGTGYCAGCMGCCGCGGTAA,14,A9,12.5,Ribose,Rib,1,1,TC12_Rib_R1
TC12_Ara_R1,GAACAGCTCTAC,GTGTGYCAGCMGCCGCGGTAA,14,A10,12.5,L-Arabinose,Ara,1,1,TC12_Ara_R1
TC12_Mol_R1,GACGACATTTAG,GTGTGYCAGCMGCCGCGGTAA,14,A11,12.5,Mannitol,Mol,1,1,TC12_Mol_R1
TC12_Sol_R1,GCAGACGGAACC,GTGTGYCAGCMGCCGCGGTAA,14,A12,12.5,Sorbitol,Sol,1,1,TC12_Sol_R1
TC12_Glu_R2,ATTGATATTGAT,GTGTGYCAGCMGCCGCGGTAA,14,B1,12.5,Glucose,Glu,2,1,TC12_Glu_R2
TC12_Mal_R2,GACTGGAGATGG,GTGTGYCAGCMGCCGCGGTAA,14,B2,12.5,Maltose,Mal,2,1,TC12_Mal_R2
TC12_Lac_R2,CGCCCGGGACAC,GTGTGYCAGCMGCCGCGGTAA,14,B3,12.5,Lactose,Lac,2,1,TC12_Lac_R2
TC12_Mel_R2,CGCTCTTAACGG,GTGTGYCAGCMGCCGCGGTAA,14,B4,12.5,Melibiose,Mel,2,1,TC12_Mel_R2
TC12_Gal_R2,TATTAGCCTATC,GTGTGYCAGCMGCCGCGGTAA,14,B5,12.5,Galactose,Gal,2,1,TC12_Gal_R2
TC12_Suc_R2,GTATTTCGGACG,GTGTGYCAGCMGCCGCGGTAA,14,B6,12.5,Sucrose,Suc,2,1,TC12_Suc_R2
TC12_Fru_R2,ACTAGCGTTCAG,GTGTGYCAGCMGCCGCGGTAA,14,B7,12.5,Fructose,Fru,2,1,TC12_Fru_R2
TC12_Man_R2,TCCGTATGCGCC,GTGTGYCAGCMGCCGCGGTAA,14,B8,12.5,Mannose,Man,2,1,TC12_Man_R2
TC12_Rib_R2,AGGTTAAGTGCT,GTGTGYCAGCMGCCGCGGTAA,14,B9,12.5,Ribose,Rib,2,1,TC12_Rib_R2
TC12_Ara_R2,GATTATCGACGA,GTGTGYCAGCMGCCGCGGTAA,14,B10,12.5,L-Arabinose,Ara,2,1,TC12_Ara_R2
TC12_Mol_R2,GTCCCGTGAAAT,GTGTGYCAGCMGCCGCGGTAA,14,B11,12.5,Mannitol,Mol,2,1,TC12_Mol_R2
TC12_Sol_R2,CTGACGATCCGT,GTGTGYCAGCMGCCGCGGTAA,14,B12,12.5,Sorbitol,Sol,2,1,TC12_Sol_R2
TC12_Glu_R3,ATGGAGTTGTTG,GTGTGYCAGCMGCCGCGGTAA,14,C1,12.5,Glucose,Glu,3,1,TC12_Glu_R3
TC12_Mal_R3,CACTTCTTTGTG,GTGTGYCAGCMGCCGCGGTAA,14,C2,12.5,Maltose,Mal,3,1,TC12_Mal_R3
TC12_Lac_R3,CTCGGATAGATC,GTGTGYCAGCMGCCGCGGTAA,14,C3,12.5,Lactose,Lac,3,1,TC12_Lac_R3
TC12_Mel_R3,TAAACAATCAGG,GTGTGYCAGCMGCCGCGGTAA,14,C4,12.5,Melibiose,Mel,3,1,TC12_Mel_R3
TC12_Gal_R3,ACTAGACGACTA,GTGTGYCAGCMGCCGCGGTAA,14,C5,12.5,Galactose,Gal,3,1,TC12_Gal_R3
TC12_Suc_R3,GTAATGCGTAAC,GTGTGYCAGCMGCCGCGGTAA,14,C6,12.5,Sucrose,Suc,3,1,TC12_Suc_R3
TC12_Fru_R3,CGCGTTCCCAGT,GTGTGYCAGCMGCCGCGGTAA,14,C7,12.5,Fructose,Fru,3,1,TC12_Fru_R3
TC12_Man_R3,TGTACCAACCGA,GTGTGYCAGCMGCCGCGGTAA,14,C8,12.5,Mannose,Man,3,1,TC12_Man_R3
TC12_Rib_R3,GTATGGAGCTAT,GTGTGYCAGCMGCCGCGGTAA,14,C9,12.5,Ribose,Rib,3,1,TC12_Rib_R3
TC12_Ara_R3,CGGGCTTCATCA,GTGTGYCAGCMGCCGCGGTAA,14,C10,12.5,L-Arabinose,Ara,3,1,TC12_Ara_R3
TC12_Mol_R3,TGCCATTAGAGC,GTGTGYCAGCMGCCGCGGTAA,14,C11,12.5,Mannitol,Mol,3,1,TC12_Mol_R3
TC12_Sol_R3,CCGATCTCCGAC,GTGTGYCAGCMGCCGCGGTAA,14,C12,12.5,Sorbitol,Sol,3,1,TC12_Sol_R3
TC12_Glu_R4,GCAGCGGTGGCT,GTGTGYCAGCMGCCGCGGTAA,14,D1,12.5,Glucose,Glu,4,1,TC12_Glu_R4
TC12_Mal_R4,TAGCGGAAGACG,GTGTGYCAGCMGCCGCGGTAA,14,D2,12.5,Maltose,Mal,4,1,TC12_Mal_R4
TC12_Lac_R4,TCCATTTCATGC,GTGTGYCAGCMGCCGCGGTAA,14,D3,12.5,Lactose,Lac,4,1,TC12_Lac_R4
TC12_Mel_R4,TAGTTACTAGTT,GTGTGYCAGCMGCCGCGGTAA,14,D4,12.5,Melibiose,Mel,4,1,TC12_Mel_R4
TC12_Gal_R4,TCACGCCGGAGG,GTGTGYCAGCMGCCGCGGTAA,14,D5,12.5,Galactose,Gal,4,1,TC12_Gal_R4
TC12_Suc_R4,GGTCCGAAGCCG,GTGTGYCAGCMGCCGCGGTAA,14,D6,12.5,Sucrose,Suc,4,1,TC12_Suc_R4
TC12_Fru_R4,CCGGTCCGGGCA,GTGTGYCAGCMGCCGCGGTAA,14,D7,12.5,Fructose,Fru,4,1,TC12_Fru_R4
TC12_Man_R4,CAGCCGCATATC,GTGTGYCAGCMGCCGCGGTAA,14,D8,12.5,Mannose,Man,4,1,TC12_Man_R4
TC12_Rib_R4,GCGTCGGTACGG,GTGTGYCAGCMGCCGCGGTAA,14,D9,12.5,Ribose,Rib,4,1,TC12_Rib_R4
TC12_Ara_R4,AGTGACTGTCAA,GTGTGYCAGCMGCCGCGGTAA,14,D10,12.5,L-Arabinose,Ara,4,1,TC12_Ara_R4
TC12_Mol_R4,CGTGTGTGCTCA,GTGTGYCAGCMGCCGCGGTAA,14,D11,12.5,Mannitol,Mol,4,1,TC12_Mol_R4
TC12_Sol_R4,ACTTACGCCACG,GTGTGYCAGCMGCCGCGGTAA,14,D12,12.5,Sorbitol,Sol,4,1,TC12_Sol_R4
TC12_Gol_R1,GTAACCACCACC,GTGTGYCAGCMGCCGCGGTAA,14,E1,12.5,Galacticol,Gol,1,1,TC12_Gol_R1
TC12_Gly_R1,CTGTGTCCATGG,GTGTGYCAGCMGCCGCGGTAA,14,E2,12.5,Glycerol,Gly,1,1,TC12_Gly_R1
TC12_Fuc_R1,TGAAGTCACAGT,GTGTGYCAGCMGCCGCGGTAA,14,E3,12.5,Fucose,Fuc,1,1,TC12_Fuc_R1
TC12_Rha_R1,GACCGATAGGGA,GTGTGYCAGCMGCCGCGGTAA,14,E4,12.5,Rhamnose,Rha,1,1,TC12_Rha_R1
TC12_Oxo_R1,GATGAGTCGCGG,GTGTGYCAGCMGCCGCGGTAA,14,E5,12.5,Oxoglutarate,Oxo,1,1,TC12_Oxo_R1
TC12_Pyr_R1,GTGCTCTGTGCC,GTGTGYCAGCMGCCGCGGTAA,14,E6,12.5,Pyruvate,Pyr,1,1,TC12_Pyr_R1
TC12_Fum_R1,GTGTTTAACTCT,GTGTGYCAGCMGCCGCGGTAA,14,E8,12.5,Fumarate,Fum,1,1,TC12_Fum_R1
TC12_Scn_R1,GCCCGACATATA,GTGTGYCAGCMGCCGCGGTAA,14,E9,12.5,Succinate,Scn,1,1,TC12_Scn_R1
TC12_Cit_R1,AGTACTGCCTGC,GTGTGYCAGCMGCCGCGGTAA,14,E10,12.5,Citrate,Cit,1,1,TC12_Cit_R1
TC12_Ace_R1,AGCTAAATGGAT,GTGTGYCAGCMGCCGCGGTAA,14,E11,12.5,Acetate,Ace,1,1,TC12_Ace_R1
TC12_H2O_R1,AGTTACGAGCTA,GTGTGYCAGCMGCCGCGGTAA,14,E12,12.5,Water,H2O,1,1,TC12_H2O_R1
TC12_Gol_R2,TCTATTGTTAGA,GTGTGYCAGCMGCCGCGGTAA,14,F1,12.5,Galacticol,Gol,2,1,TC12_Gol_R2
TC12_Gly_R2,TCAATACAATAT,GTGTGYCAGCMGCCGCGGTAA,14,F2,12.5,Glycerol,Gly,2,1,TC12_Gly_R2
TC12_Fuc_R2,GAATACCAAGTC,GTGTGYCAGCMGCCGCGGTAA,14,F3,12.5,Fucose,Fuc,2,1,TC12_Fuc_R2
TC12_Rha_R2,CATGTGCTTAGG,GTGTGYCAGCMGCCGCGGTAA,14,F4,12.5,Rhamnose,Rha,2,1,TC12_Rha_R2
TC12_Oxo_R2,TGACCTCAAGAC,GTGTGYCAGCMGCCGCGGTAA,14,F5,12.5,Oxoglutarate,Oxo,2,1,TC12_Oxo_R2
TC12_Pyr_R2,GAACGTCCGGAG,GTGTGYCAGCMGCCGCGGTAA,14,F6,12.5,Pyruvate,Pyr,2,1,TC12_Pyr_R2
TC12_Oxa_R2,CTTGCATACCGG,GTGTGYCAGCMGCCGCGGTAA,14,F7,12.5,Oxaloacetate,Oxa,2,1,TC12_Oxa_R2
TC12_Fum_R2,CTGTCCCGCAGT,GTGTGYCAGCMGCCGCGGTAA,14,F8,12.5,Fumarate,Fum,2,1,TC12_Fum_R2
TC12_Scn_R2,GACGATCGGGCC,GTGTGYCAGCMGCCGCGGTAA,14,F9,12.5,Succinate,Scn,2,1,TC12_Scn_R2
TC12_Cit_R2,GGTTGTAAGTGT,GTGTGYCAGCMGCCGCGGTAA,14,F10,12.5,Citrate,Cit,2,1,TC12_Cit_R2
TC12_Ace_R2,CATGGGTGTTAC,GTGTGYCAGCMGCCGCGGTAA,14,F11,12.5,Acetate,Ace,2,1,TC12_Ace_R2
TC12_H2O_R2,GTGCATTCGCCA,GTGTGYCAGCMGCCGCGGTAA,14,F12,12.5,Water,H2O,2,1,TC12_H2O_R2
TC12_Gol_R3,CGATCCGATCTG,GTGTGYCAGCMGCCGCGGTAA,14,G1,12.5,Galacticol,Gol,3,1,TC12_Gol_R3
TC12_Gly_R3,TCCTGAACACAG,GTGTGYCAGCMGCCGCGGTAA,14,G2,12.5,Glycerol,Gly,3,1,TC12_Gly_R3
TC12_Fuc_R3,TAAACGCGACTC,GTGTGYCAGCMGCCGCGGTAA,14,G3,12.5,Fucose,Fuc,3,1,TC12_Fuc_R3
TC12_Rha_R3,ACCTAGCTAGTG,GTGTGYCAGCMGCCGCGGTAA,14,G4,12.5,Rhamnose,Rha,3,1,TC12_Rha_R3
TC12_Oxo_R3,CCAGTTCCAAAG,GTGTGYCAGCMGCCGCGGTAA,14,G5,12.5,Oxoglutarate,Oxo,3,1,TC12_Oxo_R3
TC12_Pyr_R3,CAGAGTGCCGGC,GTGTGYCAGCMGCCGCGGTAA,14,G6,12.5,Pyruvate,Pyr,3,1,TC12_Pyr_R3
TC12_Oxa_R3,GGCCTGGCCTGG,GTGTGYCAGCMGCCGCGGTAA,14,G7,12.5,Oxaloacetate,Oxa,3,1,TC12_Oxa_R3
TC12_Fum_R3,AGCAAGGTCTTC,GTGTGYCAGCMGCCGCGGTAA,14,G8,12.5,Fumarate,Fum,3,1,TC12_Fum_R3
TC12_Scn_R3,TACCGGCTTGCA,GTGTGYCAGCMGCCGCGGTAA,14,G9,12.5,Succinate,Scn,3,1,TC12_Scn_R3
TC12_Cit_R3,AATGATAGATGC,GTGTGYCAGCMGCCGCGGTAA,14,G10,12.5,Citrate,Cit,3,1,TC12_Cit_R3
TC12_Ace_R3,AATCAACTAGGC,GTGTGYCAGCMGCCGCGGTAA,14,G11,12.5,Acetate,Ace,3,1,TC12_Ace_R3
TC12_H2O_R3,CTATGGTGAACC,GTGTGYCAGCMGCCGCGGTAA,14,G12,12.5,Water,H2O,3,1,TC12_H2O_R3
TC12_Gol_R4,TGTGTTACTCCT,GTGTGYCAGCMGCCGCGGTAA,10,H1,12.5,Galacticol,Gol,4,1,TC12_Gol_R4
TC12_Gly_R4,CCATATCCCGGA,GTGTGYCAGCMGCCGCGGTAA,10,H2,12.5,Glycerol,Gly,4,1,TC12_Gly_R4
TC12_Fuc_R4,TTGACGACATCG,GTGTGYCAGCMGCCGCGGTAA,10,H3,12.5,Fucose,Fuc,4,1,TC12_Fuc_R4
TC12_Rha_R4,TACCAATCGGTG,GTGTGYCAGCMGCCGCGGTAA,10,H4,12.5,Rhamnose,Rha,4,1,TC12_Rha_R4
TC12_Oxo_R4,ATCTGGACGATC,GTGTGYCAGCMGCCGCGGTAA,10,H5,12.5,Oxoglutarate,Oxo,4,1,TC12_Oxo_R4
TC12_Pyr_R4,ACTCGTGATAGC,GTGTGYCAGCMGCCGCGGTAA,10,H6,12.5,Pyruvate,Pyr,4,1,TC12_Pyr_R4
TC12_Fum_R4,AGACATACCGTA,GTGTGYCAGCMGCCGCGGTAA,10,H8,12.5,Fumarate,Fum,4,1,TC12_Fum_R4
TC12_Cit_R4,AGTGAAATACTG,GTGTGYCAGCMGCCGCGGTAA,10,H10,12.5,Citrate,Cit,4,1,TC12_Cit_R4
TC12_Ace_R4,ACCTTCGCGCAC,GTGTGYCAGCMGCCGCGGTAA,10,H11,12.5,Acetate,Ace,4,1,TC12_Ace_R4
TC12_H2O_R4,GATTTAGAGGCT,GTGTGYCAGCMGCCGCGGTAA,10,H12,12.5,Water,H2O,4,1,TC12_H2O_R4
TC22_Glu_R1,TACAAGTGGTCC,GTGTGYCAGCMGCCGCGGTAA,16,A1,22,Glucose,Glu,1,1,TC22_Glu_R1
TC22_Mal_R1,AACTCCTGTGGA,GTGTGYCAGCMGCCGCGGTAA,16,A2,22,Maltose,Mal,1,1,TC22_Mal_R1
TC22_Lac_R1,ATACGCATCAAG,GTGTGYCAGCMGCCGCGGTAA,16,A3,22,Lactose,Lac,1,1,TC22_Lac_R1
TC22_Mel_R1,GGCCTTCAGTCA,GTGTGYCAGCMGCCGCGGTAA,16,A4,22,Melibiose,Mel,1,1,TC22_Mel_R1
TC22_Gal_R1,ACCCTATTGCGG,GTGTGYCAGCMGCCGCGGTAA,16,A5,22,Galactose,Gal,1,1,TC22_Gal_R1
TC22_Suc_R1,AGAGAACACTTA,GTGTGYCAGCMGCCGCGGTAA,16,A6,22,Sucrose,Suc,1,1,TC22_Suc_R1
TC22_Fru_R1,GGCGATTTACGT,GTGTGYCAGCMGCCGCGGTAA,16,A7,22,Fructose,Fru,1,1,TC22_Fru_R1
TC22_Man_R1,GAGCTTGGCGGA,GTGTGYCAGCMGCCGCGGTAA,16,A8,22,Mannose,Man,1,1,TC22_Man_R1
TC22_Rib_R1,ACAAGAACCTTG,GTGTGYCAGCMGCCGCGGTAA,16,A9,22,Ribose,Rib,1,1,TC22_Rib_R1
TC22_Ara_R1,AGAGTGCTAATC,GTGTGYCAGCMGCCGCGGTAA,16,A10,22,L-Arabinose,Ara,1,1,TC22_Ara_R1
TC22_Mol_R1,GTACCGTTGCAA,GTGTGYCAGCMGCCGCGGTAA,16,A11,22,Mannitol,Mol,1,1,TC22_Mol_R1
TC22_Sol_R1,TGCTTGTAGGCA,GTGTGYCAGCMGCCGCGGTAA,16,A12,22,Sorbitol,Sol,1,1,TC22_Sol_R1
TC22_Glu_R2,ATGGAAGGTGGC,GTGTGYCAGCMGCCGCGGTAA,16,B1,22,Glucose,Glu,2,1,TC22_Glu_R2
TC22_Mal_R2,GGAGATTGGAGA,GTGTGYCAGCMGCCGCGGTAA,16,B2,22,Maltose,Mal,2,1,TC22_Mal_R2
TC22_Lac_R2,ACTTTAAGGGTG,GTGTGYCAGCMGCCGCGGTAA,16,B3,22,Lactose,Lac,2,1,TC22_Lac_R2
TC22_Mel_R2,GATTGGCATAGT,GTGTGYCAGCMGCCGCGGTAA,16,B4,22,Melibiose,Mel,2,1,TC22_Mel_R2
TC22_Gal_R2,TGGCCAGGCAGC,GTGTGYCAGCMGCCGCGGTAA,16,B5,22,Galactose,Gal,2,1,TC22_Gal_R2
TC22_Suc_R2,GTCATAAGAACC,GTGTGYCAGCMGCCGCGGTAA,16,B6,22,Sucrose,Suc,2,1,TC22_Suc_R2
TC22_Fru_R2,CGTAATTGCCGC,GTGTGYCAGCMGCCGCGGTAA,16,B7,22,Fructose,Fru,2,1,TC22_Fru_R2
TC22_Man_R2,TAGATCCTCGGA,GTGTGYCAGCMGCCGCGGTAA,16,B8,22,Mannose,Man,2,1,TC22_Man_R2
TC22_Rib_R2,TGGGTTAACACA,GTGTGYCAGCMGCCGCGGTAA,16,B9,22,Ribose,Rib,2,1,TC22_Rib_R2
TC22_Ara_R2,TAAGTCGGCCTA,GTGTGYCAGCMGCCGCGGTAA,16,B10,22,L-Arabinose,Ara,2,1,TC22_Ara_R2
TC22_Mol_R2,GTGTCACTTTAT,GTGTGYCAGCMGCCGCGGTAA,16,B11,22,Mannitol,Mol,2,1,TC22_Mol_R2
TC22_Sol_R2,GCTAAAGTCGTA,GTGTGYCAGCMGCCGCGGTAA,16,B12,22,Sorbitol,Sol,2,1,TC22_Sol_R2
TC22_Glu_R3,GGCCATAGGCAG,GTGTGYCAGCMGCCGCGGTAA,16,C1,22,Glucose,Glu,3,1,TC22_Glu_R3
TC22_Mal_R3,TTGAGGCTACAA,GTGTGYCAGCMGCCGCGGTAA,16,C2,22,Maltose,Mal,3,1,TC22_Mal_R3
TC22_Lac_R3,AGTATTCGCGCA,GTGTGYCAGCMGCCGCGGTAA,16,C3,22,Lactose,Lac,3,1,TC22_Lac_R3
TC22_Mel_R3,TATAAGGACACA,GTGTGYCAGCMGCCGCGGTAA,16,C4,22,Melibiose,Mel,3,1,TC22_Mel_R3
TC22_Gal_R3,CACGTACACGTA,GTGTGYCAGCMGCCGCGGTAA,16,C5,22,Galactose,Gal,3,1,TC22_Gal_R3
TC22_Suc_R3,TCTCATGTGGAG,GTGTGYCAGCMGCCGCGGTAA,16,C6,22,Sucrose,Suc,3,1,TC22_Suc_R3
TC22_Fru_R3,TCTGTGTCTAAT,GTGTGYCAGCMGCCGCGGTAA,16,C7,22,Fructose,Fru,3,1,TC22_Fru_R3
TC22_Man_R3,ATTTATCCGGTT,GTGTGYCAGCMGCCGCGGTAA,16,C8,22,Mannose,Man,3,1,TC22_Man_R3
TC22_Rib_R3,CCGTTCAATGGA,GTGTGYCAGCMGCCGCGGTAA,16,C9,22,Ribose,Rib,3,1,TC22_Rib_R3
TC22_Ara_R3,CAACCACTCGGT,GTGTGYCAGCMGCCGCGGTAA,16,C10,22,L-Arabinose,Ara,3,1,TC22_Ara_R3
TC22_Mol_R3,GTAGTCCCGCTC,GTGTGYCAGCMGCCGCGGTAA,16,C11,22,Mannitol,Mol,3,1,TC22_Mol_R3
TC22_Sol_R3,TTCGTACTTCGT,GTGTGYCAGCMGCCGCGGTAA,16,C12,22,Sorbitol,Sol,3,1,TC22_Sol_R3
TC22_Glu_R4,TCGCTGACTCGC,GTGTGYCAGCMGCCGCGGTAA,16,D1,22,Glucose,Glu,4,1,TC22_Glu_R4
TC22_Mal_R4,TTAACTGGAAGC,GTGTGYCAGCMGCCGCGGTAA,16,D2,22,Maltose,Mal,4,1,TC22_Mal_R4
TC22_Lac_R4,TCGGTAGCAACT,GTGTGYCAGCMGCCGCGGTAA,16,D3,22,Lactose,Lac,4,1,TC22_Lac_R4
TC22_Mel_R4,TTATCATTACGC,GTGTGYCAGCMGCCGCGGTAA,16,D4,22,Melibiose,Mel,4,1,TC22_Mel_R4
TC22_Gal_R4,TCAGCGCCGTTA,GTGTGYCAGCMGCCGCGGTAA,16,D5,22,Galactose,Gal,4,1,TC22_Gal_R4
TC22_Suc_R4,GGACTGGATGGC,GTGTGYCAGCMGCCGCGGTAA,16,D6,22,Sucrose,Suc,4,1,TC22_Suc_R4
TC22_Fru_R4,ACGTTTGTGGCA,GTGTGYCAGCMGCCGCGGTAA,16,D7,22,Fructose,Fru,4,1,TC22_Fru_R4
TC22_Man_R4,CCTTAGTTTACA,GTGTGYCAGCMGCCGCGGTAA,16,D8,22,Mannose,Man,4,1,TC22_Man_R4
TC22_Rib_R4,GCGCTCCTCCGT,GTGTGYCAGCMGCCGCGGTAA,16,D9,22,Ribose,Rib,4,1,TC22_Rib_R4
TC22_Ara_R4,CAACCGAGATTA,GTGTGYCAGCMGCCGCGGTAA,16,D10,22,L-Arabinose,Ara,4,1,TC22_Ara_R4
TC22_Mol_R4,GTCGCACGTCTC,GTGTGYCAGCMGCCGCGGTAA,16,D11,22,Mannitol,Mol,4,1,TC22_Mol_R4
TC22_Sol_R4,CCTTGGAATCGC,GTGTGYCAGCMGCCGCGGTAA,16,D12,22,Sorbitol,Sol,4,1,TC22_Sol_R4
TC22_Gol_R1,CTGAATCTGGTG,GTGTGYCAGCMGCCGCGGTAA,16,E1,22,Galacticol,Gol,1,1,TC22_Gol_R1
TC22_Gly_R1,GCTTACGTAGGT,GTGTGYCAGCMGCCGCGGTAA,16,E2,22,Glycerol,Gly,1,1,TC22_Gly_R1
TC22_Fuc_R1,GCGTGTAATTAG,GTGTGYCAGCMGCCGCGGTAA,16,E3,22,Fucose,Fuc,1,1,TC22_Fuc_R1
TC22_Rha_R1,CGCCTGCCAATA,GTGTGYCAGCMGCCGCGGTAA,16,E4,22,Rhamnose,Rha,1,1,TC22_Rha_R1
TC22_Oxo_R1,CAGGTGCGCCGC,GTGTGYCAGCMGCCGCGGTAA,16,E5,22,Oxoglutarate,Oxo,1,1,TC22_Oxo_R1
TC22_Pyr_R1,ACAATGTCACAG,GTGTGYCAGCMGCCGCGGTAA,16,E6,22,Pyruvate,Pyr,1,1,TC22_Pyr_R1
TC22_Oxa_R1,CCTAGGTCCCAA,GTGTGYCAGCMGCCGCGGTAA,16,E7,22,Oxaloacetate,Oxa,1,1,TC22_Oxa_R1
TC22_Fum_R1,GGATCCCAGGGA,GTGTGYCAGCMGCCGCGGTAA,16,E8,22,Fumarate,Fum,1,1,TC22_Fum_R1
TC22_Scn_R1,ACCGGCCGTGCG,GTGTGYCAGCMGCCGCGGTAA,16,E9,22,Succinate,Scn,1,1,TC22_Scn_R1
TC22_Cit_R1,TAGCCAATTTCT,GTGTGYCAGCMGCCGCGGTAA,16,E10,22,Citrate,Cit,1,1,TC22_Cit_R1
TC22_Ace_R1,CTTAGAACGTGC,GTGTGYCAGCMGCCGCGGTAA,16,E11,22,Acetate,Ace,1,1,TC22_Ace_R1
TC22_H2O_R1,GTAAGTAGATCA,GTGTGYCAGCMGCCGCGGTAA,16,E12,22,Water,H2O,1,1,TC22_H2O_R1
TC22_Gol_R2,TCGACGGAGAGA,GTGTGYCAGCMGCCGCGGTAA,16,F1,22,Galacticol,Gol,2,1,TC22_Gol_R2
TC22_Gly_R2,TACCCGACTAAG,GTGTGYCAGCMGCCGCGGTAA,16,F2,22,Glycerol,Gly,2,1,TC22_Gly_R2
TC22_Fuc_R2,ATTCCCAGAACG,GTGTGYCAGCMGCCGCGGTAA,16,F3,22,Fucose,Fuc,2,1,TC22_Fuc_R2
TC22_Rha_R2,CGAGGACCCTGG,GTGTGYCAGCMGCCGCGGTAA,16,F4,22,Rhamnose,Rha,2,1,TC22_Rha_R2
TC22_Oxo_R2,CCATAATCTTAC,GTGTGYCAGCMGCCGCGGTAA,16,F5,22,Oxoglutarate,Oxo,2,1,TC22_Oxo_R2
TC22_Pyr_R2,AGCATAGAAATA,GTGTGYCAGCMGCCGCGGTAA,16,F6,22,Pyruvate,Pyr,2,1,TC22_Pyr_R2
TC22_Oxa_R2,TGACTCTGCGGT,GTGTGYCAGCMGCCGCGGTAA,16,F7,22,Oxaloacetate,Oxa,2,1,TC22_Oxa_R2
TC22_Fum_R2,ATTTAGGACGAC,GTGTGYCAGCMGCCGCGGTAA,16,F8,22,Fumarate,Fum,2,1,TC22_Fum_R2
TC22_Scn_R2,AATTAGGCGTGT,GTGTGYCAGCMGCCGCGGTAA,16,F9,22,Succinate,Scn,2,1,TC22_Scn_R2
TC22_Cit_R2,GAGGGACGCAAT,GTGTGYCAGCMGCCGCGGTAA,16,F10,22,Citrate,Cit,2,1,TC22_Cit_R2
TC22_Ace_R2,GCTCAATCAGAA,GTGTGYCAGCMGCCGCGGTAA,16,F11,22,Acetate,Ace,2,1,TC22_Ace_R2
TC22_H2O_R2,CAGTTCGAGATA,GTGTGYCAGCMGCCGCGGTAA,16,F12,22,Water,H2O,2,1,TC22_H2O_R2
TC22_Gol_R3,ACTCAATTCATC,GTGTGYCAGCMGCCGCGGTAA,16,G1,22,Galacticol,Gol,3,1,TC22_Gol_R3
TC22_Gly_R3,TTGCAGTGCAAC,GTGTGYCAGCMGCCGCGGTAA,16,G2,22,Glycerol,Gly,3,1,TC22_Gly_R3
TC22_Fuc_R3,TCCTGTGCGAGT,GTGTGYCAGCMGCCGCGGTAA,16,G3,22,Fucose,Fuc,3,1,TC22_Fuc_R3
TC22_Rha_R3,AGGAGTTGTATA,GTGTGYCAGCMGCCGCGGTAA,16,G4,22,Rhamnose,Rha,3,1,TC22_Rha_R3
TC22_Oxo_R3,CTATTCTTGGCT,GTGTGYCAGCMGCCGCGGTAA,16,G5,22,Oxoglutarate,Oxo,3,1,TC22_Oxo_R3
TC22_Pyr_R3,ATTCACGTATTC,GTGTGYCAGCMGCCGCGGTAA,16,G6,22,Pyruvate,Pyr,3,1,TC22_Pyr_R3
TC22_Oxa_R3,TCGTGCGTGTTG,GTGTGYCAGCMGCCGCGGTAA,16,G7,22,Oxaloacetate,Oxa,3,1,TC22_Oxa_R3
TC22_Fum_R3,CACAAAGCGATT,GTGTGYCAGCMGCCGCGGTAA,16,G8,22,Fumarate,Fum,3,1,TC22_Fum_R3
TC22_Scn_R3,ACGCATCGCACT,GTGTGYCAGCMGCCGCGGTAA,16,G9,22,Succinate,Scn,3,1,TC22_Scn_R3
TC22_Cit_R3,CATGCGGATCCT,GTGTGYCAGCMGCCGCGGTAA,16,G10,22,Citrate,Cit,3,1,TC22_Cit_R3
TC22_Ace_R3,CGTTGACACCCA,GTGTGYCAGCMGCCGCGGTAA,16,G11,22,Acetate,Ace,3,1,TC22_Ace_R3
TC22_H2O_R3,GCTTCCAGACAA,GTGTGYCAGCMGCCGCGGTAA,16,G12,22,Water,H2O,3,1,TC22_H2O_R3
TC22_Gol_R4,AAGGCTGGGCAC,GTGTGYCAGCMGCCGCGGTAA,10,H1,22,Galacticol,Gol,4,1,TC22_Gol_R4
TC22_Gly_R4,CGATAGGCCTTA,GTGTGYCAGCMGCCGCGGTAA,10,H2,22,Glycerol,Gly,4,1,TC22_Gly_R4
TC22_Fuc_R4,TAAGATGCAGTC,GTGTGYCAGCMGCCGCGGTAA,10,H3,22,Fucose,Fuc,4,1,TC22_Fuc_R4
TC22_Rha_R4,TCCGCAACCTGA,GTGTGYCAGCMGCCGCGGTAA,10,H4,22,Rhamnose,Rha,4,1,TC22_Rha_R4
TC22_Oxo_R4,AGCCGACTCTGT,GTGTGYCAGCMGCCGCGGTAA,10,H5,22,Oxoglutarate,Oxo,4,1,TC22_Oxo_R4
TC22_Pyr_R4,GTGTTCCCAGAA,GTGTGYCAGCMGCCGCGGTAA,10,H6,22,Pyruvate,Pyr,4,1,TC22_Pyr_R4
TC22_Oxa_R4,CTCGAGCGTACT,GTGTGYCAGCMGCCGCGGTAA,10,H7,22,Oxaloacetate,Oxa,4,1,TC22_Oxa_R4
TC22_Fum_R4,GCTGTGATTCGA,GTGTGYCAGCMGCCGCGGTAA,10,H8,22,Fumarate,Fum,4,1,TC22_Fum_R4
TC22_Scn_R4,CTGCCCTCGATG,GTGTGYCAGCMGCCGCGGTAA,10,H9,22,Succinate,Scn,4,1,TC22_Scn_R4
TC22_Cit_R4,TTGGGTACACGT,GTGTGYCAGCMGCCGCGGTAA,10,H10,22,Citrate,Cit,4,1,TC22_Cit_R4
TC22_Ace_R4,GATATCGATGAA,GTGTGYCAGCMGCCGCGGTAA,10,H11,22,Acetate,Ace,4,1,TC22_Ace_R4
TC22_H2O_R4,AACGCGAAATTC,GTGTGYCAGCMGCCGCGGTAA,10,H12,22,Water,H2O,4,1,TC22_H2O_R4
TC30_Glu_R1,TCCCTCTGAGAG,GTGTGYCAGCMGCCGCGGTAA,17,A1,30,Glucose,Glu,1,1,TC30_Glu_R1
TC30_Mal_R1,GAAGACAGCGAC,GTGTGYCAGCMGCCGCGGTAA,17,A2,30,Maltose,Mal,1,1,TC30_Mal_R1
TC30_Lac_R1,ATATCGCGATGA,GTGTGYCAGCMGCCGCGGTAA,17,A3,30,Lactose,Lac,1,1,TC30_Lac_R1
TC30_Mel_R1,CGATACACTGCC,GTGTGYCAGCMGCCGCGGTAA,17,A4,30,Melibiose,Mel,1,1,TC30_Mel_R1
TC30_Gal_R1,TCACAACACCGC,GTGTGYCAGCMGCCGCGGTAA,17,A5,30,Galactose,Gal,1,1,TC30_Gal_R1
TC30_Suc_R1,GTTTGTGATCTT,GTGTGYCAGCMGCCGCGGTAA,17,A6,30,Sucrose,Suc,1,1,TC30_Suc_R1
TC30_Fru_R1,AACATTGCAGGT,GTGTGYCAGCMGCCGCGGTAA,17,A7,30,Fructose,Fru,1,1,TC30_Fru_R1
TC30_Man_R1,GAGTGCTCTAAC,GTGTGYCAGCMGCCGCGGTAA,17,A8,30,Mannose,Man,1,1,TC30_Man_R1
TC30_Rib_R1,GCTACTGGTATG,GTGTGYCAGCMGCCGCGGTAA,17,A9,30,Ribose,Rib,1,1,TC30_Rib_R1
TC30_Ara_R1,GTCCGATCCTAG,GTGTGYCAGCMGCCGCGGTAA,17,A10,30,L-Arabinose,Ara,1,1,TC30_Ara_R1
TC30_Mol_R1,GTGTGGCAGAAG,GTGTGYCAGCMGCCGCGGTAA,17,A11,30,Mannitol,Mol,1,1,TC30_Mol_R1
TC30_Sol_R1,AAGTATCCTGCG,GTGTGYCAGCMGCCGCGGTAA,17,A12,30,Sorbitol,Sol,1,1,TC30_Sol_R1
TC30_Glu_R2,TGGCACTGGTTA,GTGTGYCAGCMGCCGCGGTAA,17,B1,30,Glucose,Glu,2,1,TC30_Glu_R2
TC30_Mal_R2,CACTGGTGCATA,GTGTGYCAGCMGCCGCGGTAA,17,B2,30,Maltose,Mal,2,1,TC30_Mal_R2
TC30_Lac_R2,GCGCCGAATCTT,GTGTGYCAGCMGCCGCGGTAA,17,B3,30,Lactose,Lac,2,1,TC30_Lac_R2
TC30_Mel_R2,ATGGCGCGGACC,GTGTGYCAGCMGCCGCGGTAA,17,B4,30,Melibiose,Mel,2,1,TC30_Mel_R2
TC30_Gal_R2,GCGGAAACATGG,GTGTGYCAGCMGCCGCGGTAA,17,B5,30,Galactose,Gal,2,1,TC30_Gal_R2
TC30_Suc_R2,GATGTGGTGTTA,GTGTGYCAGCMGCCGCGGTAA,17,B6,30,Sucrose,Suc,2,1,TC30_Suc_R2
TC30_Fru_R2,ATATCCTGGGAC,GTGTGYCAGCMGCCGCGGTAA,17,B7,30,Fructose,Fru,2,1,TC30_Fru_R2
TC30_Man_R2,CGACGCCCATTC,GTGTGYCAGCMGCCGCGGTAA,17,B8,30,Mannose,Man,2,1,TC30_Man_R2
TC30_Rib_R2,CGTGCCGCTTAA,GTGTGYCAGCMGCCGCGGTAA,17,B9,30,Ribose,Rib,2,1,TC30_Rib_R2
TC30_Ara_R2,AGCGCATATCCA,GTGTGYCAGCMGCCGCGGTAA,17,B10,30,L-Arabinose,Ara,2,1,TC30_Ara_R2
TC30_Mol_R2,CTGTATGGAGCT,GTGTGYCAGCMGCCGCGGTAA,17,B11,30,Mannitol,Mol,2,1,TC30_Mol_R2
TC30_Sol_R2,GCCGTCTCGTAA,GTGTGYCAGCMGCCGCGGTAA,17,B12,30,Sorbitol,Sol,2,1,TC30_Sol_R2
TC30_Glu_R3,AGGGCCCGCTGA,GTGTGYCAGCMGCCGCGGTAA,17,C1,30,Glucose,Glu,3,1,TC30_Glu_R3
TC30_Mal_R3,TCAGATACCAGC,GTGTGYCAGCMGCCGCGGTAA,17,C2,30,Maltose,Mal,3,1,TC30_Mal_R3
TC30_Lac_R3,GTAATAATGCCG,GTGTGYCAGCMGCCGCGGTAA,17,C3,30,Lactose,Lac,3,1,TC30_Lac_R3
TC30_Mel_R3,ACGCGCTAAATC,GTGTGYCAGCMGCCGCGGTAA,17,C4,30,Melibiose,Mel,3,1,TC30_Mel_R3
TC30_Gal_R3,TCGATTGGCCGT,GTGTGYCAGCMGCCGCGGTAA,17,C5,30,Galactose,Gal,3,1,TC30_Gal_R3
TC30_Suc_R3,CTACCACGGTAC,GTGTGYCAGCMGCCGCGGTAA,17,C6,30,Sucrose,Suc,3,1,TC30_Suc_R3
TC30_Fru_R3,TTCACCTGTATC,GTGTGYCAGCMGCCGCGGTAA,17,C7,30,Fructose,Fru,3,1,TC30_Fru_R3
TC30_Man_R3,CCTTACCTCCTC,GTGTGYCAGCMGCCGCGGTAA,17,C8,30,Mannose,Man,3,1,TC30_Man_R3
TC30_Rib_R3,TCGCCGTGTACA,GTGTGYCAGCMGCCGCGGTAA,17,C9,30,Ribose,Rib,3,1,TC30_Rib_R3
TC30_Ara_R3,GTTTCTTGTTGC,GTGTGYCAGCMGCCGCGGTAA,17,C10,30,L-Arabinose,Ara,3,1,TC30_Ara_R3
TC30_Mol_R3,CGTAGGTAGAGG,GTGTGYCAGCMGCCGCGGTAA,17,C11,30,Mannitol,Mol,3,1,TC30_Mol_R3
TC30_Sol_R3,TCTTGTTTCTGG,GTGTGYCAGCMGCCGCGGTAA,17,C12,30,Sorbitol,Sol,3,1,TC30_Sol_R3
TC30_Glu_R4,TTGGGAGCGAAG,GTGTGYCAGCMGCCGCGGTAA,17,D1,30,Glucose,Glu,4,1,TC30_Glu_R4
TC30_Mal_R4,AATATACTCAAT,GTGTGYCAGCMGCCGCGGTAA,17,D2,30,Maltose,Mal,4,1,TC30_Mal_R4
TC30_Lac_R4,ATTTGTGGGTAG,GTGTGYCAGCMGCCGCGGTAA,17,D3,30,Lactose,Lac,4,1,TC30_Lac_R4
TC30_Mel_R4,GGTAAAGGGTCG,GTGTGYCAGCMGCCGCGGTAA,17,D4,30,Melibiose,Mel,4,1,TC30_Mel_R4
TC30_Gal_R4,GTCGAATTTGCG,GTGTGYCAGCMGCCGCGGTAA,17,D5,30,Galactose,Gal,4,1,TC30_Gal_R4
TC30_Suc_R4,CTACGAAAGCCT,GTGTGYCAGCMGCCGCGGTAA,17,D6,30,Sucrose,Suc,4,1,TC30_Suc_R4
TC30_Fru_R4,TCAAGGGACCTT,GTGTGYCAGCMGCCGCGGTAA,17,D7,30,Fructose,Fru,4,1,TC30_Fru_R4
TC30_Man_R4,CAGTAAATCGCA,GTGTGYCAGCMGCCGCGGTAA,17,D8,30,Mannose,Man,4,1,TC30_Man_R4
TC30_Rib_R4,CTCTACGAACAG,GTGTGYCAGCMGCCGCGGTAA,17,D9,30,Ribose,Rib,4,1,TC30_Rib_R4
TC30_Ara_R4,GACGGAACAGAC,GTGTGYCAGCMGCCGCGGTAA,17,D10,30,L-Arabinose,Ara,4,1,TC30_Ara_R4
TC30_Mol_R4,ACTCCGATAGAC,GTGTGYCAGCMGCCGCGGTAA,17,D11,30,Mannitol,Mol,4,1,TC30_Mol_R4
TC30_Sol_R4,GTTCAGACTAGC,GTGTGYCAGCMGCCGCGGTAA,17,D12,30,Sorbitol,Sol,4,1,TC30_Sol_R4
TC30_Gol_R1,GGACAGTGTATT,GTGTGYCAGCMGCCGCGGTAA,17,E1,30,Galacticol,Gol,1,2,TC30_Gol_R1
TC30_Gly_R1,GGATATGATACA,GTGTGYCAGCMGCCGCGGTAA,17,E2,30,Glycerol,Gly,1,2,TC30_Gly_R1
TC30_Fuc_R1,AGACCAAATATG,GTGTGYCAGCMGCCGCGGTAA,17,E3,30,Fucose,Fuc,1,2,TC30_Fuc_R1
TC30_Rha_R1,AGACGTTGCTAC,GTGTGYCAGCMGCCGCGGTAA,17,E4,30,Rhamnose,Rha,1,2,TC30_Rha_R1
TC30_Oxo_R1,TGGTAGTCTGAA,GTGTGYCAGCMGCCGCGGTAA,17,E5,30,Oxoglutarate,Oxo,1,2,TC30_Oxo_R1
TC30_Pyr_R1,CATATGTAAATT,GTGTGYCAGCMGCCGCGGTAA,17,E6,30,Pyruvate,Pyr,1,2,TC30_Pyr_R1
TC30_Oxa_R1,GGCCAGTTCCTA,GTGTGYCAGCMGCCGCGGTAA,17,E7,30,Oxaloacetate,Oxa,1,2,TC30_Oxa_R1
TC30_Fum_R1,ATCAGTACTAGG,GTGTGYCAGCMGCCGCGGTAA,17,E8,30,Fumarate,Fum,1,2,TC30_Fum_R1
TC30_Scn_R1,TGAAATGTCCCG,GTGTGYCAGCMGCCGCGGTAA,17,E9,30,Succinate,Scn,1,2,TC30_Scn_R1
TC30_Cit_R1,AGAATTACAACG,GTGTGYCAGCMGCCGCGGTAA,17,E10,30,Citrate,Cit,1,2,TC30_Cit_R1
TC30_Ace_R1,TGCCAGACCACT,GTGTGYCAGCMGCCGCGGTAA,17,E11,30,Acetate,Ace,1,2,TC30_Ace_R1
TC30_H2O_R1,TGAAGATATCAG,GTGTGYCAGCMGCCGCGGTAA,17,E12,30,Water,H2O,1,2,TC30_H2O_R1
TC30_Gol_R2,GATATGAACTGC,GTGTGYCAGCMGCCGCGGTAA,17,F1,30,Galacticol,Gol,2,2,TC30_Gol_R2
TC30_Gly_R2,ACACTGGTCCTG,GTGTGYCAGCMGCCGCGGTAA,17,F2,30,Glycerol,Gly,2,2,TC30_Gly_R2
TC30_Fuc_R2,TCCCAACCTAGG,GTGTGYCAGCMGCCGCGGTAA,17,F3,30,Fucose,Fuc,2,2,TC30_Fuc_R2
TC30_Rha_R2,GGCTGTCGCAGG,GTGTGYCAGCMGCCGCGGTAA,17,F4,30,Rhamnose,Rha,2,2,TC30_Rha_R2
TC30_Oxo_R2,GAATAGTAGTCA,GTGTGYCAGCMGCCGCGGTAA,17,F5,30,Oxoglutarate,Oxo,2,2,TC30_Oxo_R2
TC30_Pyr_R2,GATAAGCGCCTT,GTGTGYCAGCMGCCGCGGTAA,17,F6,30,Pyruvate,Pyr,2,2,TC30_Pyr_R2
TC30_Fum_R2,TTCAAAGGATGA,GTGTGYCAGCMGCCGCGGTAA,17,F8,30,Fumarate,Fum,2,2,TC30_Fum_R2
TC30_Scn_R2,CCTGCTTCCTTC,GTGTGYCAGCMGCCGCGGTAA,17,F9,30,Succinate,Scn,2,2,TC30_Scn_R2
TC30_Cit_R2,TCTTCTGCCCTA,GTGTGYCAGCMGCCGCGGTAA,17,F10,30,Citrate,Cit,2,2,TC30_Cit_R2
TC30_Ace_R2,GTGAGTCATACC,GTGTGYCAGCMGCCGCGGTAA,17,F11,30,Acetate,Ace,2,2,TC30_Ace_R2
TC30_H2O_R2,CGCGAAGTTTCA,GTGTGYCAGCMGCCGCGGTAA,17,F12,30,Water,H2O,2,2,TC30_H2O_R2
TC30_Gol_R3,TGAGAGTCCCTC,GTGTGYCAGCMGCCGCGGTAA,17,G1,30,Galacticol,Gol,3,2,TC30_Gol_R3
TC30_Gly_R3,GTGTGTGCCATA,GTGTGYCAGCMGCCGCGGTAA,17,G2,30,Glycerol,Gly,3,2,TC30_Gly_R3
TC30_Fuc_R3,TGCTGCTCAACG,GTGTGYCAGCMGCCGCGGTAA,17,G3,30,Fucose,Fuc,3,2,TC30_Fuc_R3
TC30_Rha_R3,GGAGGCCATAAG,GTGTGYCAGCMGCCGCGGTAA,17,G4,30,Rhamnose,Rha,3,2,TC30_Rha_R3
TC30_Oxo_R3,GTTAGATCTATT,GTGTGYCAGCMGCCGCGGTAA,17,G5,30,Oxoglutarate,Oxo,3,2,TC30_Oxo_R3
TC30_Pyr_R3,CTTACGAGTAGA,GTGTGYCAGCMGCCGCGGTAA,17,G6,30,Pyruvate,Pyr,3,2,TC30_Pyr_R3
TC30_Oxa_R3,AGTACAACTGAA,GTGTGYCAGCMGCCGCGGTAA,17,G7,30,Oxaloacetate,Oxa,3,2,TC30_Oxa_R3
TC30_Fum_R3,GTCCAAAGCGTT,GTGTGYCAGCMGCCGCGGTAA,17,G8,30,Fumarate,Fum,3,2,TC30_Fum_R3
TC30_Scn_R3,ATTGAGTGAGTC,GTGTGYCAGCMGCCGCGGTAA,17,G9,30,Succinate,Scn,3,2,TC30_Scn_R3
TC30_Cit_R3,TCGGTCCATAGC,GTGTGYCAGCMGCCGCGGTAA,17,G10,30,Citrate,Cit,3,2,TC30_Cit_R3
TC30_Ace_R3,CCTCCAGACGTC,GTGTGYCAGCMGCCGCGGTAA,17,G11,30,Acetate,Ace,3,2,TC30_Ace_R3
TC30_H2O_R3,ACGCTGTCGGTT,GTGTGYCAGCMGCCGCGGTAA,17,G12,30,Water,H2O,3,2,TC30_H2O_R3
TC30_Gol_R4,GTCCCTATTATC,GTGTGYCAGCMGCCGCGGTAA,10,H1,30,Galacticol,Gol,4,2,TC30_Gol_R4
TC30_Gly_R4,GCGACGCGGCAT,GTGTGYCAGCMGCCGCGGTAA,10,H2,30,Glycerol,Gly,4,2,TC30_Gly_R4
TC30_Fuc_R4,TGCGGTTGACTC,GTGTGYCAGCMGCCGCGGTAA,10,H3,30,Fucose,Fuc,4,2,TC30_Fuc_R4
TC30_Rha_R4,CCAGGTTAATGC,GTGTGYCAGCMGCCGCGGTAA,10,H4,30,Rhamnose,Rha,4,2,TC30_Rha_R4
TC30_Oxo_R4,CGACGAGATTAT,GTGTGYCAGCMGCCGCGGTAA,10,H5,30,Oxoglutarate,Oxo,4,2,TC30_Oxo_R4
TC30_Pyr_R4,GCTACAAGCCCT,GTGTGYCAGCMGCCGCGGTAA,10,H6,30,Pyruvate,Pyr,4,2,TC30_Pyr_R4
TC30_Oxa_R4,GCACATAGTCGT,GTGTGYCAGCMGCCGCGGTAA,10,H7,30,Oxaloacetate,Oxa,4,2,TC30_Oxa_R4
TC30_Fum_R4,AGCCACCCGGGA,GTGTGYCAGCMGCCGCGGTAA,10,H8,30,Fumarate,Fum,4,2,TC30_Fum_R4
TC30_Scn_R4,ATGTCTTCAACT,GTGTGYCAGCMGCCGCGGTAA,10,H9,30,Succinate,Scn,4,2,TC30_Scn_R4
TC30_Cit_R4,ACGCACATACAA,GTGTGYCAGCMGCCGCGGTAA,10,H10,30,Citrate,Cit,4,2,TC30_Cit_R4
TC30_Ace_R4,ATGTCCGACCAA,GTGTGYCAGCMGCCGCGGTAA,10,H11,30,Acetate,Ace,4,2,TC30_Ace_R4
TC30_H2O_R4,ATTTCGACCCGG,GTGTGYCAGCMGCCGCGGTAA,10,H12,30,Water,H2O,4,2,TC30_H2O_R4
TC37_Glu_R1,CAATTCTGCTTC,GTGTGYCAGCMGCCGCGGTAA,13,A1,37.7,Glucose,Glu,1,2,TC37_Glu_R1
TC37_Mal_R1,GTTATACATTCA,GTGTGYCAGCMGCCGCGGTAA,13,A2,37.7,Maltose,Mal,1,2,TC37_Mal_R1
TC37_Lac_R1,GATGTCATAGCC,GTGTGYCAGCMGCCGCGGTAA,13,A3,37.7,Lactose,Lac,1,2,TC37_Lac_R1
TC37_Mel_R1,CGTGACAATAGT,GTGTGYCAGCMGCCGCGGTAA,13,A4,37.7,Melibiose,Mel,1,2,TC37_Mel_R1
TC37_Gal_R1,GAGGGCGTGATC,GTGTGYCAGCMGCCGCGGTAA,13,A5,37.7,Galactose,Gal,1,2,TC37_Gal_R1
TC37_Suc_R1,ATGGTCACAAAC,GTGTGYCAGCMGCCGCGGTAA,13,A6,37.7,Sucrose,Suc,1,2,TC37_Suc_R1
TC37_Fru_R1,TTGTATGACAGG,GTGTGYCAGCMGCCGCGGTAA,13,A7,37.7,Fructose,Fru,1,2,TC37_Fru_R1
TC37_Man_R1,TGGAAACCATTG,GTGTGYCAGCMGCCGCGGTAA,13,A8,37.7,Mannose,Man,1,2,TC37_Man_R1
TC37_Rib_R1,AACCCTAACTGG,GTGTGYCAGCMGCCGCGGTAA,13,A9,37.7,Ribose,Rib,1,2,TC37_Rib_R1
TC37_Ara_R1,TATAACAATCTC,GTGTGYCAGCMGCCGCGGTAA,13,A10,37.7,L-Arabinose,Ara,1,2,TC37_Ara_R1
TC37_Mol_R1,ACGAGGAGTCGA,GTGTGYCAGCMGCCGCGGTAA,13,A11,37.7,Mannitol,Mol,1,2,TC37_Mol_R1
TC37_Sol_R1,TGGCGATACGTT,GTGTGYCAGCMGCCGCGGTAA,13,A12,37.7,Sorbitol,Sol,1,2,TC37_Sol_R1
TC37_Glu_R2,CTTTCAGGACCG,GTGTGYCAGCMGCCGCGGTAA,13,B1,37.7,Glucose,Glu,2,2,TC37_Glu_R2
TC37_Mal_R2,CGATCACCACAA,GTGTGYCAGCMGCCGCGGTAA,13,B2,37.7,Maltose,Mal,2,2,TC37_Mal_R2
TC37_Lac_R2,AGTAGGAGGCAC,GTGTGYCAGCMGCCGCGGTAA,13,B3,37.7,Lactose,Lac,2,2,TC37_Lac_R2
TC37_Mel_R2,TGTACGGATAAC,GTGTGYCAGCMGCCGCGGTAA,13,B4,37.7,Melibiose,Mel,2,2,TC37_Mel_R2
TC37_Gal_R2,AGGGTCGCCGCC,GTGTGYCAGCMGCCGCGGTAA,13,B5,37.7,Galactose,Gal,2,2,TC37_Gal_R2
TC37_Suc_R2,GGTTCCATTAGG,GTGTGYCAGCMGCCGCGGTAA,13,B6,37.7,Sucrose,Suc,2,2,TC37_Suc_R2
TC37_Fru_R2,AAGGAAGTATAT,GTGTGYCAGCMGCCGCGGTAA,13,B7,37.7,Fructose,Fru,2,2,TC37_Fru_R2
TC37_Man_R2,TTGTTACGTTCC,GTGTGYCAGCMGCCGCGGTAA,13,B8,37.7,Mannose,Man,2,2,TC37_Man_R2
TC37_Rib_R2,CGCTACAACTCG,GTGTGYCAGCMGCCGCGGTAA,13,B9,37.7,Ribose,Rib,2,2,TC37_Rib_R2
TC37_Ara_R2,ATCAGCCAGCTC,GTGTGYCAGCMGCCGCGGTAA,13,B10,37.7,L-Arabinose,Ara,2,2,TC37_Ara_R2
TC37_Mol_R2,ATTTCTTAGCCA,GTGTGYCAGCMGCCGCGGTAA,13,B11,37.7,Mannitol,Mol,2,2,TC37_Mol_R2
TC37_Sol_R2,GGTAAGTTTGAC,GTGTGYCAGCMGCCGCGGTAA,13,B12,37.7,Sorbitol,Sol,2,2,TC37_Sol_R2
TC37_Glu_R3,CCGTAGTGCCCT,GTGTGYCAGCMGCCGCGGTAA,11,C1,37.7,Glucose,Glu,3,2,TC37_Glu_R3
TC37_Mal_R3,TAGTATGCGCAA,GTGTGYCAGCMGCCGCGGTAA,11,C2,37.7,Maltose,Mal,3,2,TC37_Mal_R3
TC37_Lac_R3,CAATGCCTCACG,GTGTGYCAGCMGCCGCGGTAA,11,C3,37.7,Lactose,Lac,3,2,TC37_Lac_R3
TC37_Mel_R3,GATTACATCATT,GTGTGYCAGCMGCCGCGGTAA,11,C4,37.7,Melibiose,Mel,3,2,TC37_Mel_R3
TC37_Gal_R3,AATTGTGTCGGA,GTGTGYCAGCMGCCGCGGTAA,11,C5,37.7,Galactose,Gal,3,2,TC37_Gal_R3
TC37_Suc_R3,GATAGTCAGATA,GTGTGYCAGCMGCCGCGGTAA,11,C6,37.7,Sucrose,Suc,3,2,TC37_Suc_R3
TC37_Fru_R3,CGAGCAATCCTA,GTGTGYCAGCMGCCGCGGTAA,11,C7,37.7,Fructose,Fru,3,2,TC37_Fru_R3
TC37_Man_R3,ATCTGCGCACCA,GTGTGYCAGCMGCCGCGGTAA,11,C8,37.7,Mannose,Man,3,2,TC37_Man_R3
TC37_Rib_R3,CACAGCGTCCTA,GTGTGYCAGCMGCCGCGGTAA,11,C9,37.7,Ribose,Rib,3,2,TC37_Rib_R3
TC37_Ara_R3,GGAATAGTTTAG,GTGTGYCAGCMGCCGCGGTAA,11,C10,37.7,L-Arabinose,Ara,3,2,TC37_Ara_R3
TC37_Mol_R3,AGCTGATAGTTG,GTGTGYCAGCMGCCGCGGTAA,11,C11,37.7,Mannitol,Mol,3,2,TC37_Mol_R3
TC37_Sol_R3,TAGCTTCACTAT,GTGTGYCAGCMGCCGCGGTAA,11,C12,37.7,Sorbitol,Sol,3,2,TC37_Sol_R3
TC37_Glu_R4,GTGTTGTCGTGC,GTGTGYCAGCMGCCGCGGTAA,13,D1,37.7,Glucose,Glu,4,2,TC37_Glu_R4
TC37_Mal_R4,GTTATGACGGAT,GTGTGYCAGCMGCCGCGGTAA,13,D2,37.7,Maltose,Mal,4,2,TC37_Mal_R4
TC37_Lac_R4,GCTCAGGACTCT,GTGTGYCAGCMGCCGCGGTAA,13,D3,37.7,Lactose,Lac,4,2,TC37_Lac_R4
TC37_Mel_R4,TAGTACTATACT,GTGTGYCAGCMGCCGCGGTAA,13,D4,37.7,Melibiose,Mel,4,2,TC37_Mel_R4
TC37_Gal_R4,ATAGCACCAGAT,GTGTGYCAGCMGCCGCGGTAA,13,D5,37.7,Galactose,Gal,4,2,TC37_Gal_R4
TC37_Suc_R4,GTGAACTGGATT,GTGTGYCAGCMGCCGCGGTAA,13,D6,37.7,Sucrose,Suc,4,2,TC37_Suc_R4
TC37_Fru_R4,ATTCGAGCTGTG,GTGTGYCAGCMGCCGCGGTAA,13,D7,37.7,Fructose,Fru,4,2,TC37_Fru_R4
TC37_Man_R4,ATAAGGTCGCCT,GTGTGYCAGCMGCCGCGGTAA,13,D8,37.7,Mannose,Man,4,2,TC37_Man_R4
TC37_Rib_R4,CGGGATCAAATT,GTGTGYCAGCMGCCGCGGTAA,13,D9,37.7,Ribose,Rib,4,2,TC37_Rib_R4
TC37_Ara_R4,CGTTAGTGACTG,GTGTGYCAGCMGCCGCGGTAA,13,D10,37.7,L-Arabinose,Ara,4,2,TC37_Ara_R4
TC37_Mol_R4,TCGCCTATAAGG,GTGTGYCAGCMGCCGCGGTAA,13,D11,37.7,Mannitol,Mol,4,2,TC37_Mol_R4
TC37_Sol_R4,ATCAAACGCATG,GTGTGYCAGCMGCCGCGGTAA,13,D12,37.7,Sorbitol,Sol,4,2,TC37_Sol_R4
TC37_Gol_R1,TTGCTCAATTTG,GTGTGYCAGCMGCCGCGGTAA,13,E1,37.7,Galacticol,Gol,1,2,TC37_Gol_R1
TC37_Gly_R1,TCGTCCTCGCGA,GTGTGYCAGCMGCCGCGGTAA,13,E2,37.7,Glycerol,Gly,1,2,TC37_Gly_R1
TC37_Fuc_R1,TCTTCAACTACC,GTGTGYCAGCMGCCGCGGTAA,13,E3,37.7,Fucose,Fuc,1,2,TC37_Fuc_R1
TC37_Rha_R1,TCACGTATTCTC,GTGTGYCAGCMGCCGCGGTAA,13,E4,37.7,Rhamnose,Rha,1,2,TC37_Rha_R1
TC37_Oxo_R1,TGACCGGCTGTT,GTGTGYCAGCMGCCGCGGTAA,13,E5,37.7,Oxoglutarate,Oxo,1,2,TC37_Oxo_R1
TC37_Pyr_R1,CATCCCTCTACT,GTGTGYCAGCMGCCGCGGTAA,13,E6,37.7,Pyruvate,Pyr,1,2,TC37_Pyr_R1
TC37_Oxa_R1,TCGCATGGATAC,GTGTGYCAGCMGCCGCGGTAA,13,E7,37.7,Oxaloacetate,Oxa,1,2,TC37_Oxa_R1
TC37_Fum_R1,ACCACACGTAGT,GTGTGYCAGCMGCCGCGGTAA,13,E8,37.7,Fumarate,Fum,1,2,TC37_Fum_R1
TC37_Scn_R1,AGTTTAATCTCA,GTGTGYCAGCMGCCGCGGTAA,13,E9,37.7,Succinate,Scn,1,2,TC37_Scn_R1
TC37_Cit_R1,CAGAGAACTTAA,GTGTGYCAGCMGCCGCGGTAA,13,E10,37.7,Citrate,Cit,1,2,TC37_Cit_R1
TC37_Ace_R1,CACTAACAAACG,GTGTGYCAGCMGCCGCGGTAA,13,E11,37.7,Acetate,Ace,1,2,TC37_Ace_R1
TC37_H2O_R1,AACAACGGCCGG,GTGTGYCAGCMGCCGCGGTAA,13,E12,37.7,Water,H2O,1,2,TC37_H2O_R1
TC37_Gol_R2,CATTAAAGTTCT,GTGTGYCAGCMGCCGCGGTAA,13,F1,37.7,Galacticol,Gol,2,2,TC37_Gol_R2
TC37_Gly_R2,ACGCAATGTCTG,GTGTGYCAGCMGCCGCGGTAA,13,F2,37.7,Glycerol,Gly,2,2,TC37_Gly_R2
TC37_Fuc_R2,GCTCCGACCATA,GTGTGYCAGCMGCCGCGGTAA,13,F3,37.7,Fucose,Fuc,2,2,TC37_Fuc_R2
TC37_Rha_R2,ACAATAGACACC,GTGTGYCAGCMGCCGCGGTAA,13,F4,37.7,Rhamnose,Rha,2,2,TC37_Rha_R2
TC37_Oxo_R2,GCGAACCTATAC,GTGTGYCAGCMGCCGCGGTAA,13,F5,37.7,Oxoglutarate,Oxo,2,2,TC37_Oxo_R2
TC37_Pyr_R2,CTTGGCCTGTAG,GTGTGYCAGCMGCCGCGGTAA,13,F6,37.7,Pyruvate,Pyr,2,2,TC37_Pyr_R2
TC37_Oxa_R2,GGCGCCATCTCT,GTGTGYCAGCMGCCGCGGTAA,13,F7,37.7,Oxaloacetate,Oxa,2,2,TC37_Oxa_R2
TC37_Fum_R2,CACCCACGTTGA,GTGTGYCAGCMGCCGCGGTAA,13,F8,37.7,Fumarate,Fum,2,2,TC37_Fum_R2
TC37_Scn_R2,AGAACCGTCATA,GTGTGYCAGCMGCCGCGGTAA,13,F9,37.7,Succinate,Scn,2,2,TC37_Scn_R2
TC37_Cit_R2,AAGAGCAGAGCC,GTGTGYCAGCMGCCGCGGTAA,13,F10,37.7,Citrate,Cit,2,2,TC37_Cit_R2
TC37_Ace_R2,AAGGCCTTTACG,GTGTGYCAGCMGCCGCGGTAA,13,F11,37.7,Acetate,Ace,2,2,TC37_Ace_R2
TC37_H2O_R2,TCACTTGGTGCG,GTGTGYCAGCMGCCGCGGTAA,13,F12,37.7,Water,H2O,2,2,TC37_H2O_R2
TC37_Gol_R3,GCTGTACGGATT,GTGTGYCAGCMGCCGCGGTAA,13,G1,37.7,Galacticol,Gol,3,2,TC37_Gol_R3
TC37_Gly_R3,TATCGCGCGATA,GTGTGYCAGCMGCCGCGGTAA,13,G2,37.7,Glycerol,Gly,3,2,TC37_Gly_R3
TC37_Fuc_R3,TGTGACAGGGCG,GTGTGYCAGCMGCCGCGGTAA,13,G3,37.7,Fucose,Fuc,3,2,TC37_Fuc_R3
TC37_Rha_R3,CGAGACCTGGGC,GTGTGYCAGCMGCCGCGGTAA,13,G4,37.7,Rhamnose,Rha,3,2,TC37_Rha_R3
TC37_Oxo_R3,ATAAGTAACCGC,GTGTGYCAGCMGCCGCGGTAA,13,G5,37.7,Oxoglutarate,Oxo,3,2,TC37_Oxo_R3
TC37_Pyr_R3,TTGACCGCGGTT,GTGTGYCAGCMGCCGCGGTAA,13,G6,37.7,Pyruvate,Pyr,3,2,TC37_Pyr_R3
TC37_Fum_R3,TATGATTGCATT,GTGTGYCAGCMGCCGCGGTAA,13,G8,37.7,Fumarate,Fum,3,2,TC37_Fum_R3
TC37_Scn_R3,CTATCATCCTCA,GTGTGYCAGCMGCCGCGGTAA,13,G9,37.7,Succinate,Scn,3,2,TC37_Scn_R3
TC37_Cit_R3,TGGAAGAACGGC,GTGTGYCAGCMGCCGCGGTAA,13,G10,37.7,Citrate,Cit,3,2,TC37_Cit_R3
TC37_Ace_R3,AGAAAGGGTGTG,GTGTGYCAGCMGCCGCGGTAA,13,G11,37.7,Acetate,Ace,3,2,TC37_Ace_R3
TC37_H2O_R3,TCCTATCGGCCG,GTGTGYCAGCMGCCGCGGTAA,13,G12,37.7,Water,H2O,3,2,TC37_H2O_R3
TC37_Gol_R4,AATTCCGAACGC,GTGTGYCAGCMGCCGCGGTAA,13,H1,37.7,Galacticol,Gol,4,2,TC37_Gol_R4
TC37_Gly_R4,GTCTCGCCTACG,GTGTGYCAGCMGCCGCGGTAA,13,H2,37.7,Glycerol,Gly,4,2,TC37_Gly_R4
TC37_Fuc_R4,AATTGGCGGGCG,GTGTGYCAGCMGCCGCGGTAA,13,H3,37.7,Fucose,Fuc,4,2,TC37_Fuc_R4
TC37_Rha_R4,GAAGTGTATCTG,GTGTGYCAGCMGCCGCGGTAA,13,H4,37.7,Rhamnose,Rha,4,2,TC37_Rha_R4
TC37_Oxo_R4,GTTACCCGAGCT,GTGTGYCAGCMGCCGCGGTAA,13,H5,37.7,Oxoglutarate,Oxo,4,2,TC37_Oxo_R4
TC37_Pyr_R4,ATACGATGGATA,GTGTGYCAGCMGCCGCGGTAA,13,H6,37.7,Pyruvate,Pyr,4,2,TC37_Pyr_R4
TC37_Oxa_R4,GTTCTCTTCTCG,GTGTGYCAGCMGCCGCGGTAA,13,H7,37.7,Oxaloacetate,Oxa,4,2,TC37_Oxa_R4
TC37_Fum_R4,CTAGAAAGAAAT,GTGTGYCAGCMGCCGCGGTAA,13,H8,37.7,Fumarate,Fum,4,2,TC37_Fum_R4
TC37_Scn_R4,GGCTCAGATTCC,GTGTGYCAGCMGCCGCGGTAA,13,H9,37.7,Succinate,Scn,4,2,TC37_Scn_R4
TC37_Cit_R4,CCGTTATCAGCG,GTGTGYCAGCMGCCGCGGTAA,13,H10,37.7,Citrate,Cit,4,2,TC37_Cit_R4
TC37_Ace_R4,TCACGAGTCACA,GTGTGYCAGCMGCCGCGGTAA,13,H11,37.7,Acetate,Ace,4,2,TC37_Ace_R4
TC37_H2O_R4,CCGGGAAGCCAC,GTGTGYCAGCMGCCGCGGTAA,13,H12,37.7,Water,H2O,4,2,TC37_H2O_R4
TC42_Glu_R1,GCGGATGCGGAT,GTGTGYCAGCMGCCGCGGTAA,18,A1,42,Glucose,Glu,1,2,TC42_Glu_R1
TC42_Mal_R1,ACAGCATAGCTC,GTGTGYCAGCMGCCGCGGTAA,18,A2,42,Maltose,Mal,1,2,TC42_Mal_R1
TC42_Lac_R1,CTGGAACATTAG,GTGTGYCAGCMGCCGCGGTAA,18,A3,42,Lactose,Lac,1,2,TC42_Lac_R1
TC42_Mel_R1,GCCCGGACGCGT,GTGTGYCAGCMGCCGCGGTAA,18,A4,42,Melibiose,Mel,1,2,TC42_Mel_R1
TC42_Gal_R1,TGAGGTTTGATG,GTGTGYCAGCMGCCGCGGTAA,18,A5,42,Galactose,Gal,1,2,TC42_Gal_R1
TC42_Suc_R1,TCGGTTACGCTG,GTGTGYCAGCMGCCGCGGTAA,18,A6,42,Sucrose,Suc,1,2,TC42_Suc_R1
TC42_Fru_R1,CCTTCAATGGGA,GTGTGYCAGCMGCCGCGGTAA,18,A7,42,Fructose,Fru,1,2,TC42_Fru_R1
TC42_Man_R1,ACGCAGGTGAGC,GTGTGYCAGCMGCCGCGGTAA,18,A8,42,Mannose,Man,1,2,TC42_Man_R1
TC42_Rib_R1,CGGAAACTCCAT,GTGTGYCAGCMGCCGCGGTAA,18,A9,42,Ribose,Rib,1,2,TC42_Rib_R1
TC42_Ara_R1,AACGACACGCTT,GTGTGYCAGCMGCCGCGGTAA,18,A10,42,L-Arabinose,Ara,1,2,TC42_Ara_R1
TC42_Mol_R1,GCGTAGAGAGAC,GTGTGYCAGCMGCCGCGGTAA,18,A11,42,Mannitol,Mol,1,2,TC42_Mol_R1
TC42_Sol_R1,ACTCATCTTCCA,GTGTGYCAGCMGCCGCGGTAA,18,A12,42,Sorbitol,Sol,1,2,TC42_Sol_R1
TC42_Glu_R2,TCGGCCGTTCCA,GTGTGYCAGCMGCCGCGGTAA,18,B1,42,Glucose,Glu,2,2,TC42_Glu_R2
TC42_Mal_R2,ATGTGAATGTGA,GTGTGYCAGCMGCCGCGGTAA,18,B2,42,Maltose,Mal,2,2,TC42_Mal_R2
TC42_Lac_R2,CGACATTTCTCT,GTGTGYCAGCMGCCGCGGTAA,18,B3,42,Lactose,Lac,2,2,TC42_Lac_R2
TC42_Mel_R2,CCAACGTAACCA,GTGTGYCAGCMGCCGCGGTAA,18,B4,42,Melibiose,Mel,2,2,TC42_Mel_R2
TC42_Gal_R2,TCTTGACTTGAT,GTGTGYCAGCMGCCGCGGTAA,18,B5,42,Galactose,Gal,2,2,TC42_Gal_R2
TC42_Suc_R2,ATCGGCTTCCGA,GTGTGYCAGCMGCCGCGGTAA,18,B6,42,Sucrose,Suc,2,2,TC42_Suc_R2
TC42_Fru_R2,CCTCCTAATTCA,GTGTGYCAGCMGCCGCGGTAA,18,B7,42,Fructose,Fru,2,2,TC42_Fru_R2
TC42_Man_R2,TGATTGTCATCT,GTGTGYCAGCMGCCGCGGTAA,18,B8,42,Mannose,Man,2,2,TC42_Man_R2
TC42_Rib_R2,TTGCATATGATT,GTGTGYCAGCMGCCGCGGTAA,18,B9,42,Ribose,Rib,2,2,TC42_Rib_R2
TC42_Ara_R2,CTTGTTGTTCTG,GTGTGYCAGCMGCCGCGGTAA,18,B10,42,L-Arabinose,Ara,2,2,TC42_Ara_R2
TC42_Mol_R2,ATTACCCACAGG,GTGTGYCAGCMGCCGCGGTAA,18,B11,42,Mannitol,Mol,2,2,TC42_Mol_R2
TC42_Sol_R2,GGATGTCTTCGC,GTGTGYCAGCMGCCGCGGTAA,18,B12,42,Sorbitol,Sol,2,2,TC42_Sol_R2
TC42_Glu_R3,CGTGTCCGTGTC,GTGTGYCAGCMGCCGCGGTAA,18,C1,42,Glucose,Glu,3,2,TC42_Glu_R3
TC42_Mal_R3,CTTGGTAGTGCC,GTGTGYCAGCMGCCGCGGTAA,18,C2,42,Maltose,Mal,3,2,TC42_Mal_R3
TC42_Lac_R3,TTGTTGATGGAG,GTGTGYCAGCMGCCGCGGTAA,18,C3,42,Lactose,Lac,3,2,TC42_Lac_R3
TC42_Mel_R3,TAGTGCATTCGG,GTGTGYCAGCMGCCGCGGTAA,18,C4,42,Melibiose,Mel,3,2,TC42_Mel_R3
TC42_Gal_R3,AATATGAGACCA,GTGTGYCAGCMGCCGCGGTAA,18,C5,42,Galactose,Gal,3,2,TC42_Gal_R3
TC42_Suc_R3,TCGCGATCGTCC,GTGTGYCAGCMGCCGCGGTAA,18,C6,42,Sucrose,Suc,3,2,TC42_Suc_R3
TC42_Fru_R3,GTCACATCACGA,GTGTGYCAGCMGCCGCGGTAA,18,C7,42,Fructose,Fru,3,2,TC42_Fru_R3
TC42_Man_R3,CGGTACCTACCA,GTGTGYCAGCMGCCGCGGTAA,18,C8,42,Mannose,Man,3,2,TC42_Man_R3
TC42_Rib_R3,ATTTCACAAATC,GTGTGYCAGCMGCCGCGGTAA,18,C9,42,Ribose,Rib,3,2,TC42_Rib_R3
TC42_Ara_R3,CAAAGTTTGCGA,GTGTGYCAGCMGCCGCGGTAA,18,C10,42,L-Arabinose,Ara,3,2,TC42_Ara_R3
TC42_Mol_R3,ACACAGTCCTGA,GTGTGYCAGCMGCCGCGGTAA,18,C11,42,Mannitol,Mol,3,2,TC42_Mol_R3
TC42_Sol_R3,TTCTAACTGTAC,GTGTGYCAGCMGCCGCGGTAA,18,C12,42,Sorbitol,Sol,3,2,TC42_Sol_R3
TC42_Glu_R4,CAGAGCTAATTG,GTGTGYCAGCMGCCGCGGTAA,18,D1,42,Glucose,Glu,4,2,TC42_Glu_R4
TC42_Mal_R4,AGCACGAGCACG,GTGTGYCAGCMGCCGCGGTAA,18,D2,42,Maltose,Mal,4,2,TC42_Mal_R4
TC42_Lac_R4,GCCCAAGTTCAC,GTGTGYCAGCMGCCGCGGTAA,18,D3,42,Lactose,Lac,4,2,TC42_Lac_R4
TC42_Mel_R4,AGCGTCTGAACT,GTGTGYCAGCMGCCGCGGTAA,18,D4,42,Melibiose,Mel,4,2,TC42_Mel_R4
TC42_Gal_R4,AGGTTGCTGTAA,GTGTGYCAGCMGCCGCGGTAA,18,D5,42,Galactose,Gal,4,2,TC42_Gal_R4
TC42_Suc_R4,TTGCTATCATAA,GTGTGYCAGCMGCCGCGGTAA,18,D6,42,Sucrose,Suc,4,2,TC42_Suc_R4
TC42_Fru_R4,TCTCACTGTTCC,GTGTGYCAGCMGCCGCGGTAA,18,D7,42,Fructose,Fru,4,2,TC42_Fru_R4
TC42_Man_R4,GGACACCGCCCG,GTGTGYCAGCMGCCGCGGTAA,18,D8,42,Mannose,Man,4,2,TC42_Man_R4
TC42_Rib_R4,TTGTCTACCTAC,GTGTGYCAGCMGCCGCGGTAA,18,D9,42,Ribose,Rib,4,2,TC42_Rib_R4
TC42_Ara_R4,GGAGAGATCACG,GTGTGYCAGCMGCCGCGGTAA,18,D10,42,L-Arabinose,Ara,4,2,TC42_Ara_R4
TC42_Mol_R4,CCACACGTTTGG,GTGTGYCAGCMGCCGCGGTAA,18,D11,42,Mannitol,Mol,4,2,TC42_Mol_R4
TC42_Sol_R4,CGAGCCTGGCAG,GTGTGYCAGCMGCCGCGGTAA,18,D12,42,Sorbitol,Sol,4,2,TC42_Sol_R4
TC42_Gol_R1,GGCGACGGCATA,GTGTGYCAGCMGCCGCGGTAA,11,E1,42,Galacticol,Gol,1,2,TC42_Gol_R1
TC42_Gly_R1,TGCAGTCCTCGA,GTGTGYCAGCMGCCGCGGTAA,11,E2,42,Glycerol,Gly,1,2,TC42_Gly_R1
TC42_Fuc_R1,AGACCTGACCCT,GTGTGYCAGCMGCCGCGGTAA,11,E3,42,Fucose,Fuc,1,2,TC42_Fuc_R1
TC42_Rha_R1,AGAGGCCGGGTT,GTGTGYCAGCMGCCGCGGTAA,11,E4,42,Rhamnose,Rha,1,2,TC42_Rha_R1
TC42_Oxo_R1,ATACTCGGCTGC,GTGTGYCAGCMGCCGCGGTAA,11,E5,42,Oxoglutarate,Oxo,1,2,TC42_Oxo_R1
TC42_Pyr_R1,AGCTGGGCTGGC,GTGTGYCAGCMGCCGCGGTAA,11,E6,42,Pyruvate,Pyr,1,2,TC42_Pyr_R1
TC42_Oxa_R1,CTACCTTGAGGA,GTGTGYCAGCMGCCGCGGTAA,11,E7,42,Oxaloacetate,Oxa,1,2,TC42_Oxa_R1
TC42_Fum_R1,GGCTTACTTGGA,GTGTGYCAGCMGCCGCGGTAA,11,E8,42,Fumarate,Fum,1,2,TC42_Fum_R1
TC42_Scn_R1,TATCACCGGCAC,GTGTGYCAGCMGCCGCGGTAA,11,E9,42,Succinate,Scn,1,2,TC42_Scn_R1
TC42_Cit_R1,TGGAACGATTAA,GTGTGYCAGCMGCCGCGGTAA,11,E10,42,Citrate,Cit,1,2,TC42_Cit_R1
TC42_Ace_R1,ATGCAGAGATCT,GTGTGYCAGCMGCCGCGGTAA,11,E11,42,Acetate,Ace,1,2,TC42_Ace_R1
TC42_H2O_R1,TAATGGTCGTAG,GTGTGYCAGCMGCCGCGGTAA,11,E12,42,Water,H2O,1,2,TC42_H2O_R1
TC42_Gol_R2,CTCCTCCCTTAC,GTGTGYCAGCMGCCGCGGTAA,18,F1,42,Galacticol,Gol,2,2,TC42_Gol_R2
TC42_Gly_R2,TCTTTATGTCGA,GTGTGYCAGCMGCCGCGGTAA,18,F2,42,Glycerol,Gly,2,2,TC42_Gly_R2
TC42_Fuc_R2,GTAACTCAACAG,GTGTGYCAGCMGCCGCGGTAA,18,F3,42,Fucose,Fuc,2,2,TC42_Fuc_R2
TC42_Rha_R2,TCAGCAAATGGT,GTGTGYCAGCMGCCGCGGTAA,18,F4,42,Rhamnose,Rha,2,2,TC42_Rha_R2
TC42_Oxo_R2,TAATAACTTTGA,GTGTGYCAGCMGCCGCGGTAA,18,F5,42,Oxoglutarate,Oxo,2,2,TC42_Oxo_R2
TC42_Pyr_R2,CAACGTGCTCCA,GTGTGYCAGCMGCCGCGGTAA,18,F6,42,Pyruvate,Pyr,2,2,TC42_Pyr_R2
TC42_Oxa_R2,ATGCTCTAGAGA,GTGTGYCAGCMGCCGCGGTAA,18,F7,42,Oxaloacetate,Oxa,2,2,TC42_Oxa_R2
TC42_Fum_R2,CGTAACGTAATG,GTGTGYCAGCMGCCGCGGTAA,18,F8,42,Fumarate,Fum,2,2,TC42_Fum_R2
TC42_Scn_R2,AACACGGTTTGA,GTGTGYCAGCMGCCGCGGTAA,18,F9,42,Succinate,Scn,2,2,TC42_Scn_R2
TC42_Cit_R2,CTAGGTCCGACT,GTGTGYCAGCMGCCGCGGTAA,18,F10,42,Citrate,Cit,2,2,TC42_Cit_R2
TC42_Ace_R2,GATACGTTCGCA,GTGTGYCAGCMGCCGCGGTAA,18,F11,42,Acetate,Ace,2,2,TC42_Ace_R2
TC42_H2O_R2,CGGCACTATCAC,GTGTGYCAGCMGCCGCGGTAA,18,F12,42,Water,H2O,2,2,TC42_H2O_R2
TC42_Gol_R3,CTCAATAATATA,GTGTGYCAGCMGCCGCGGTAA,11,G1,42,Galacticol,Gol,3,2,TC42_Gol_R3
TC42_Gly_R3,ATCGGAAGGCCG,GTGTGYCAGCMGCCGCGGTAA,11,G2,42,Glycerol,Gly,3,2,TC42_Gly_R3
TC42_Fuc_R3,ATTATACGGCGC,GTGTGYCAGCMGCCGCGGTAA,11,G3,42,Fucose,Fuc,3,2,TC42_Fuc_R3
TC42_Rha_R3,TCTTGGAGGTCA,GTGTGYCAGCMGCCGCGGTAA,11,G4,42,Rhamnose,Rha,3,2,TC42_Rha_R3
TC42_Oxo_R3,GTGCTTGTGTAG,GTGTGYCAGCMGCCGCGGTAA,11,G5,42,Oxoglutarate,Oxo,3,2,TC42_Oxo_R3
TC42_Pyr_R3,AATGCTGTAAAG,GTGTGYCAGCMGCCGCGGTAA,11,G6,42,Pyruvate,Pyr,3,2,TC42_Pyr_R3
TC42_Oxa_R3,GAGCGGTGGCTC,GTGTGYCAGCMGCCGCGGTAA,11,G7,42,Oxaloacetate,Oxa,3,2,TC42_Oxa_R3
TC42_Fum_R3,CTCTTAATTTGG,GTGTGYCAGCMGCCGCGGTAA,11,G8,42,Fumarate,Fum,3,2,TC42_Fum_R3
TC42_Scn_R3,TGTGCCGTGCTC,GTGTGYCAGCMGCCGCGGTAA,11,G9,42,Succinate,Scn,3,2,TC42_Scn_R3
TC42_Cit_R3,TGTGGCTCGTGT,GTGTGYCAGCMGCCGCGGTAA,11,G10,42,Citrate,Cit,3,2,TC42_Cit_R3
TC42_Ace_R3,CTAGGCAATCAA,GTGTGYCAGCMGCCGCGGTAA,11,G11,42,Acetate,Ace,3,2,TC42_Ace_R3
TC42_H2O_R3,CACCGGCCGAGC,GTGTGYCAGCMGCCGCGGTAA,11,G12,42,Water,H2O,3,2,TC42_H2O_R3
TC42_Gol_R4,TGTCAGCTGTCG,GTGTGYCAGCMGCCGCGGTAA,18,H1,42,Galacticol,Gol,4,2,TC42_Gol_R4
TC42_Gly_R4,CCTAGCCCTAGC,GTGTGYCAGCMGCCGCGGTAA,18,H2,42,Glycerol,Gly,4,2,TC42_Gly_R4
TC42_Fuc_R4,AATGGCGACTAT,GTGTGYCAGCMGCCGCGGTAA,18,H3,42,Fucose,Fuc,4,2,TC42_Fuc_R4
TC42_Rha_R4,TGTCCAGTTCGG,GTGTGYCAGCMGCCGCGGTAA,18,H4,42,Rhamnose,Rha,4,2,TC42_Rha_R4
TC42_Oxo_R4,ACACAAGAAGTT,GTGTGYCAGCMGCCGCGGTAA,18,H5,42,Oxoglutarate,Oxo,4,2,TC42_Oxo_R4
TC42_Pyr_R4,CTATACGCGAAC,GTGTGYCAGCMGCCGCGGTAA,18,H6,42,Pyruvate,Pyr,4,2,TC42_Pyr_R4
TC42_Oxa_R4,TCCCTGCGGTGT,GTGTGYCAGCMGCCGCGGTAA,18,H7,42,Oxaloacetate,Oxa,4,2,TC42_Oxa_R4
TC42_Fum_R4,ACGGATGTTATG,GTGTGYCAGCMGCCGCGGTAA,18,H8,42,Fumarate,Fum,4,2,TC42_Fum_R4
TC42_Scn_R4,CCTGTGTTGGTG,GTGTGYCAGCMGCCGCGGTAA,18,H9,42,Succinate,Scn,4,2,TC42_Scn_R4
TC42_Cit_R4,GTGAGATACCTA,GTGTGYCAGCMGCCGCGGTAA,18,H10,42,Citrate,Cit,4,2,TC42_Cit_R4
TC42_Ace_R4,GAGTTGTACGAT,GTGTGYCAGCMGCCGCGGTAA,18,H11,42,Acetate,Ace,4,2,TC42_Ace_R4
TC42_H2O_R4,AAGGTTCCGATA,GTGTGYCAGCMGCCGCGGTAA,18,H12,42,Water,H2O,4,2,TC42_H2O_R4
TC12_Oxa_R1,ACCTTGACAAGA,GTGTGYCAGCMGCCGCGGTAA,9,B1,12.5,Oxaloacetate,Oxa,1,2,TC12_Oxa_R1
TC12_Oxa_R4,ACTCCACGCTCG,GTGTGYCAGCMGCCGCGGTAA,9,B3,12.5,Oxaloacetate,Oxa,4,2,TC12_Oxa_R4
TC12_Scn_R4,GGTTACGGTTAC,GTGTGYCAGCMGCCGCGGTAA,9,B4,12.5,Succinate,Scn,4,2,TC12_Scn_R4
TC30_Oxa_R2,AGGACCTCGTTC,GTGTGYCAGCMGCCGCGGTAA,9,B6,30,Oxaloacetate,Oxa,2,2,TC30_Oxa_R2
TC37_Oxa_R3,CTCGCTAGATAG,GTGTGYCAGCMGCCGCGGTAA,9,B7,37.7,Oxaloacetate,Oxa,3,2,TC37_Oxa_R3